FeatureID	DisplayTaxon	Module	WithinConnectivity	KME	CandidateHub
Genus:Nakamurella	Nakamurella	turquoise	7.46457191114114	0.553541576692414	FALSE
Genus:Rhodobacter	Rhodobacter	grey	2.17955580839939	NA	FALSE
Genus:Mycobacterium	Mycobacterium	turquoise	6.19525682656279	0.51554652782205	FALSE
Genus:Desulfocapsa	Desulfocapsa	brown	1.83257614879975	0.331750074135805	FALSE
Genus:Syntrophus	Syntrophus	brown	4.04116565401238	0.514692525294791	FALSE
Genus:Pirellula	Pirellula	grey	1.68842479242722	NA	FALSE
Genus:Arenimonas	Arenimonas	brown	5.67546579478858	0.757669533763484	FALSE
Genus:Geoalkalibacter	Geoalkalibacter	grey	1.92178945713463	NA	FALSE
Genus:Anaerolinea	Anaerolinea	brown	4.46977568039344	0.6635190839089	FALSE
Genus:Haloferula	Haloferula	yellow	2.70387458071323	0.406013768237968	FALSE
Genus:Methylomonas	Methylomonas	grey	1.33168375117982	NA	FALSE
Genus:Thermoanaerobaculum	Thermoanaerobaculum	grey	1.8203145514581	NA	FALSE
Genus:Clostridium sensu stricto 13	Clostridium sensu stricto 13	turquoise	10.3347793573002	0.638915208282492	FALSE
Genus:Gemmata	Gemmata	turquoise	10.8527930030161	0.665948216613543	FALSE
Genus:Christensenellaceae R-7 group	Christensenellaceae R-7 group	brown	4.03650604181086	0.641100104975467	FALSE
Genus:Methanobacterium	Methanobacterium	turquoise	4.3433326283045	0.355101314789503	FALSE
Genus:Methylobacter	Methylobacter	grey	1.60129865449	NA	FALSE
Genus:Bradyrhizobium	Bradyrhizobium	turquoise	16.2492769395257	0.836491137388517	TRUE
Genus:Roseomonas	Roseomonas	grey	1.79861747671283	NA	FALSE
Genus:Halioglobus	Halioglobus	blue	10.4926150071629	0.776811980365842	FALSE
Genus:Sulfuricurvum	Sulfuricurvum	grey	1.31895630477029	NA	FALSE
Genus:Arthrobacter	Arthrobacter	brown	3.36993091867908	0.540385002210775	FALSE
Genus:Halomonas	Halomonas	grey	2.33073938036627	NA	FALSE
Genus:Blastocatella	Blastocatella	turquoise	6.42062515056024	0.476650709084024	FALSE
Genus:Clostridium sensu stricto 1	Clostridium sensu stricto 1	turquoise	9.51277356387706	0.62341853308247	FALSE
Genus:Fluviicola	Fluviicola	grey	0.915604386697291	NA	FALSE
Genus:Paenisporosarcina	Paenisporosarcina	turquoise	7.23473490342546	0.533860490299933	FALSE
Genus:Sva0081 sediment group	Sva0081 sediment group	blue	7.57072022207281	0.556650495205272	FALSE
Genus:Lysobacter	Lysobacter	brown	3.48649206738507	0.554487564434317	FALSE
Genus:Marinicella	Marinicella	blue	12.3752850621221	0.846662107435329	TRUE
Genus:Gaiella	Gaiella	turquoise	6.06151548897323	0.464195375183023	FALSE
Genus:Leptolinea	Leptolinea	brown	3.37336820321153	0.430593590307792	FALSE
Genus:Illumatobacter	Illumatobacter	yellow	5.73186772100503	0.588630100689804	FALSE
Genus:Cellulomonas	Cellulomonas	brown	2.99885599563826	0.556537804962421	FALSE
Genus:Erysipelothrix	Erysipelothrix	brown	2.24204227847134	0.405198624403205	FALSE
Genus:Rhizomicrobium	Rhizomicrobium	turquoise	14.6061416991103	0.806834471750753	TRUE
Genus:Pedomicrobium	Pedomicrobium	turquoise	5.39186047584624	0.390388258794407	FALSE
Genus:Thiobacillus	Thiobacillus	grey	2.01255803059071	NA	FALSE
Genus:Bacillus	Bacillus	yellow	9.9208349941226	0.803630046185262	FALSE
Genus:Ignavibacterium	Ignavibacterium	grey	1.82520418949794	NA	FALSE
Genus:Fodinicola	Fodinicola	grey	1.61985921886652	NA	FALSE
Genus:Desulfobulbus	Desulfobulbus	blue	10.4803412942501	0.740935373094731	FALSE
Genus:Rubrobacter	Rubrobacter	turquoise	6.60135118720415	0.519692134303678	FALSE
Genus:Gemmatimonas	Gemmatimonas	turquoise	11.5562927983523	0.679811939807939	FALSE
Genus:GAL15	GAL15	turquoise	11.8018825762546	0.727371411069603	FALSE
Genus:Streptomyces	Streptomyces	turquoise	9.04918253851048	0.65162410791471	FALSE
Genus:Truepera	Truepera	blue	6.07527416973028	0.582792392886749	FALSE
Genus:Chthoniobacter	Chthoniobacter	turquoise	10.2863278289723	0.613145539843268	FALSE
Genus:Phaselicystis	Phaselicystis	grey	1.17962332543087	NA	FALSE
Genus:Aeromonas	Aeromonas	grey	1.35553079916127	NA	FALSE
Genus:Chryseolinea	Chryseolinea	brown	2.49651844941411	0.471677369162579	FALSE
Genus:Azoarcus	Azoarcus	turquoise	5.51811733533315	0.429768379916916	FALSE
Genus:Hyphomicrobium	Hyphomicrobium	grey	1.10097443391502	NA	FALSE
Genus:Anaeromyxobacter	Anaeromyxobacter	turquoise	11.0741013832706	0.676672822174977	FALSE
Genus:Adhaeribacter	Adhaeribacter	brown	5.14367075230333	0.698721390565789	FALSE
Genus:BD1-7 clade	BD1-7 clade	blue	2.71887235196125	0.353099886057669	FALSE
Genus:Candidatus Koribacter	Candidatus Koribacter	turquoise	16.2501747308871	0.835066186039701	TRUE
Genus:Chthonomonas	Chthonomonas	turquoise	10.5787223791764	0.70077341384997	FALSE
Genus:Planctomyces	Planctomyces	grey	1.06238266959847	NA	FALSE
Genus:Thioalkalispira	Thioalkalispira	blue	4.79150643206665	0.551186439159529	FALSE
Genus:Planomicrobium	Planomicrobium	turquoise	4.59868598072669	0.367371248374534	FALSE
Genus:Synechococcus	Synechococcus	blue	6.01038446963443	0.57629923802116	FALSE
Genus:Dechloromonas	Dechloromonas	turquoise	5.2964158408259	0.458843984644061	FALSE
Genus:Sorangium	Sorangium	turquoise	12.20348284034	0.712600338472842	FALSE
Genus:CL500-29 marine group	CL500-29 marine group	brown	5.76385582111132	0.726849684483969	FALSE
Genus:Bauldia	Bauldia	turquoise	11.1082491655803	0.711062676240093	FALSE
Genus:Spirochaeta 2	Spirochaeta 2	grey	1.85696459214442	NA	FALSE
Genus:Luteolibacter	Luteolibacter	brown	3.42512912060535	0.590788169311389	FALSE
Genus:Sulfuritalea	Sulfuritalea	brown	2.24048763951412	0.375053412468678	FALSE
Genus:Bryobacter	Bryobacter	turquoise	12.3396442110294	0.693651258811171	FALSE
Genus:Desulfatiglans	Desulfatiglans	blue	5.88763870447095	0.564097384164362	FALSE
Genus:Geobacter	Geobacter	turquoise	13.7164977253932	0.761812449122359	FALSE
Genus:Hirschia	Hirschia	turquoise	4.61227387879662	0.309030763357702	FALSE
Genus:Methanosarcina	Methanosarcina	turquoise	3.47231013925779	0.336367633314361	FALSE
Genus:Longilinea	Longilinea	brown	3.18510115877766	0.533480541727647	FALSE
Genus:Candidatus Microthrix	Candidatus Microthrix	grey	1.19761511149598	NA	FALSE
Genus:Acidibacter	Acidibacter	turquoise	14.9275463170931	0.806819193221218	TRUE
Genus:Desulfobacca	Desulfobacca	grey	1.75998316786166	NA	FALSE
Genus:Rhodoplanes	Rhodoplanes	turquoise	7.30149343240196	0.53357940623678	FALSE
Genus:Byssovorax	Byssovorax	turquoise	11.2308463304085	0.711116905206938	FALSE
Genus:Chitinophaga	Chitinophaga	brown	2.86410087252409	0.547416276059221	FALSE
Genus:Aquabacterium	Aquabacterium	turquoise	4.59315865426323	0.354321043537299	FALSE
Genus:Fastidiosipila	Fastidiosipila	yellow	2.34559472987156	0.365662160027452	FALSE
Genus:Methylotenera	Methylotenera	grey	1.20653115524757	NA	FALSE
Genus:Microvirga	Microvirga	turquoise	4.74462173163151	0.412826551735489	FALSE
Genus:Candidatus Solibacter	Candidatus Solibacter	turquoise	14.5377820459301	0.762303727020166	FALSE
Genus:Skermanella	Skermanella	turquoise	7.72515974998383	0.579830838714944	FALSE
Genus:Phenylobacterium	Phenylobacterium	turquoise	15.4301293793019	0.816743954723067	TRUE
Genus:Clostridium sensu stricto 8	Clostridium sensu stricto 8	turquoise	3.55100973956042	0.308814236887064	FALSE
Genus:Pseudolabrys	Pseudolabrys	turquoise	8.31003296835992	0.561739191876116	FALSE
Genus:Devosia	Devosia	turquoise	8.07558654469269	0.526968142323655	FALSE
Genus:Pedosphaera	Pedosphaera	turquoise	5.17441896527841	0.421882473206365	FALSE
Genus:Acinetobacter	Acinetobacter	grey	1.5144595822773	NA	FALSE
Genus:Sphingomonas	Sphingomonas	brown	6.72130820059859	0.769267638365946	FALSE
Genus:Peptoclostridium	Peptoclostridium	yellow	2.70276885732791	0.373595870683846	FALSE
Genus:Rubribacterium	Rubribacterium	grey	2.2345103071673	NA	FALSE
Genus:Opitutus	Opitutus	turquoise	7.89674312955153	0.500037591247756	FALSE
Genus:Candidatus Anammoximicrobium	Candidatus Anammoximicrobium	brown	2.72421599474378	0.330624764468556	FALSE
Genus:AKYG587	AKYG587	turquoise	4.18424101315335	0.333816653717798	FALSE
Genus:Xenophilus	Xenophilus	turquoise	7.37494819301619	0.491143976480783	FALSE
Genus:Burkholderia	Burkholderia	turquoise	9.92053592215135	0.640119336928592	FALSE
Genus:Kineosporia	Kineosporia	turquoise	8.49239563022696	0.616293428828774	FALSE
Genus:Anderseniella	Anderseniella	blue	13.5724578931946	0.837245879150445	TRUE
Genus:Haliangium	Haliangium	turquoise	9.83109596117093	0.630969102080711	FALSE
Genus:Nannocystis	Nannocystis	grey	1.50303824166705	NA	FALSE
Genus:Geothermobacter	Geothermobacter	grey	1.62306549852261	NA	FALSE
Genus:Actibacter	Actibacter	blue	3.90471171359881	0.34961143555693	FALSE
Genus:Lacibacter	Lacibacter	turquoise	3.94723521831262	0.314854538093142	FALSE
Genus:Nitrospira	Nitrospira	turquoise	7.56368338875294	0.562251900453369	FALSE
Genus:Blastopirellula	Blastopirellula	blue	5.85138588088405	0.552690677645731	FALSE
Genus:Exiguobacterium	Exiguobacterium	turquoise	3.9772537850371	0.348027047735923	FALSE
Genus:Romboutsia	Romboutsia	turquoise	4.46971400691676	0.367375320594035	FALSE
Genus:Desulfatirhabdium	Desulfatirhabdium	grey	1.78844458763586	NA	FALSE
Genus:Syntrophorhabdus	Syntrophorhabdus	turquoise	6.39250249972332	0.458697794881116	FALSE
Genus:Prochlorococcus	Prochlorococcus	blue	6.43881808781379	0.605427316329769	FALSE
Genus:Acidocella	Acidocella	grey	1.28474184112974	NA	FALSE
Genus:Hyphomonas	Hyphomonas	grey	1.9815705961562	NA	FALSE
Genus:Woodsholea	Woodsholea	turquoise	6.38557323148168	0.469747792617862	FALSE
Genus:Pseudomonas	Pseudomonas	blue	2.34662477215272	0.331223649696005	FALSE
Genus:Sulfurovum	Sulfurovum	blue	10.0060548498146	0.711037207612753	FALSE
Genus:Desulfomonile	Desulfomonile	yellow	5.67969188366588	0.543176180495392	FALSE
Genus:Chloronema	Chloronema	turquoise	8.46692763660723	0.623016703509925	FALSE
Genus:Iamia	Iamia	brown	5.06549309738542	0.696439779174311	FALSE
Genus:Cellvibrio	Cellvibrio	grey	1.60034986845894	NA	FALSE
Genus:Flavobacterium	Flavobacterium	yellow	6.21247397201403	0.568511855405139	FALSE
Genus:Stenotrophomonas	Stenotrophomonas	turquoise	8.84532062128142	0.639096260730106	FALSE
Genus:Crenothrix	Crenothrix	brown	2.18639675311229	0.298289520407219	FALSE
Genus:Ramlibacter	Ramlibacter	turquoise	11.3689712033119	0.715354560493442	FALSE
Genus:Defluviicoccus	Defluviicoccus	grey	1.17277675133076	NA	FALSE
Genus:Brevundimonas	Brevundimonas	brown	4.6915992244826	0.655876807014672	FALSE
Genus:Desulfosporosinus	Desulfosporosinus	grey	1.76446740305573	NA	FALSE
Genus:Candidatus Competibacter	Candidatus Competibacter	grey	1.92153582211725	NA	FALSE
Genus:Variibacter	Variibacter	turquoise	16.6351781405632	0.852607964557521	TRUE
Genus:Algoriphagus	Algoriphagus	yellow	2.6359187645394	0.319520768289282	FALSE
Genus:Nocardioides	Nocardioides	brown	6.37012659796013	0.782298332241583	FALSE
Genus:Pir4 lineage	Pir4 lineage	grey	1.95348336426846	NA	FALSE
Genus:Denitratisoma	Denitratisoma	turquoise	7.86687386247447	0.574804747766543	FALSE
Genus:Pir2 lineage	Pir2 lineage	turquoise	4.49575304347155	0.334676455653112	FALSE
Genus:Agromyces	Agromyces	turquoise	8.26579051291504	0.576311466386423	FALSE
Genus:Syntrophobacter	Syntrophobacter	turquoise	4.38238958777248	0.356482493683443	FALSE
Genus:Terrimonas	Terrimonas	brown	4.75062871563208	0.657611386191286	FALSE
Genus:Kocuria	Kocuria	turquoise	4.86764698657359	0.410494495724904	FALSE
Genus:Desulfobacterium	Desulfobacterium	grey	1.56808184788835	NA	FALSE
Genus:Beggiatoa	Beggiatoa	grey	1.51639143740315	NA	FALSE
Genus:Ferruginibacter	Ferruginibacter	brown	6.33568895802943	0.76160107786763	FALSE
Genus:Acidovorax	Acidovorax	brown	7.13983644311853	0.868611945305782	TRUE
Genus:Roseiflexus	Roseiflexus	turquoise	13.2482239128366	0.747231408909005	FALSE
Genus:Candidatus Nitrotoga	Candidatus Nitrotoga	brown	2.37890885523891	0.356200227363794	FALSE
Genus:Limnobacter	Limnobacter	blue	7.31095469297981	0.594168483523034	FALSE
Genus:Geothrix	Geothrix	turquoise	9.09397705055572	0.60726491980279	FALSE
Genus:Sphingorhabdus	Sphingorhabdus	yellow	3.73111860457754	0.485944849935076	FALSE
Genus:Sandaracinus	Sandaracinus	grey	1.24592214369023	NA	FALSE
Genus:Clostridium sensu stricto 12	Clostridium sensu stricto 12	turquoise	4.61776078947251	0.398264130951513	FALSE
Genus:Ornatilinea	Ornatilinea	brown	2.15978505472199	0.395296871647517	FALSE
Genus:Chloroflexus	Chloroflexus	turquoise	7.31952517281818	0.543238356451849	FALSE
Genus:Comamonas	Comamonas	brown	1.88810666315076	0.379035736915892	FALSE
Genus:Sporacetigenium	Sporacetigenium	turquoise	8.84022009405112	0.608949146824279	FALSE
Genus:Tropicimonas	Tropicimonas	blue	4.11918006632916	0.489157641906069	FALSE
Genus:Smithella	Smithella	yellow	5.15268089856662	0.530860449801547	FALSE
Genus:Nitrolancea	Nitrolancea	turquoise	5.55372333630781	0.459545215079384	FALSE
Genus:Desulfatitalea	Desulfatitalea	yellow	3.08444328578899	0.378289340025611	FALSE
Genus:Erythrobacter	Erythrobacter	blue	9.99846520848119	0.738169782498275	FALSE
Genus:Perlucidibaca	Perlucidibaca	turquoise	9.95313483183562	0.656568641154984	FALSE
Genus:[Eubacterium] brachy group	[Eubacterium] brachy group	turquoise	5.18985237082084	0.440918344764695	FALSE
Genus:Desulfotignum	Desulfotignum	grey	1.25501158161431	NA	FALSE
Genus:OM60(NOR5) clade	OM60(NOR5) clade	blue	8.53486013124165	0.67450374885491	FALSE
Genus:Ferritrophicum	Ferritrophicum	grey	1.82392382916438	NA	FALSE
Genus:Luedemannella	Luedemannella	turquoise	4.92460767811144	0.424170398394329	FALSE
Genus:Massilia	Massilia	brown	4.65837144813558	0.672632154822766	FALSE
Genus:Steroidobacter	Steroidobacter	turquoise	7.80391768319272	0.559824630947092	FALSE
Genus:Tumebacillus	Tumebacillus	grey	1.28978833161278	NA	FALSE
Genus:Azospira	Azospira	turquoise	6.38970893182652	0.514220712805692	FALSE
Genus:Novosphingobium	Novosphingobium	grey	1.27772542131826	NA	FALSE
Genus:Clostridium sensu stricto 9	Clostridium sensu stricto 9	turquoise	5.55797989110724	0.446527002702028	FALSE
Genus:Methanosaeta	Methanosaeta	yellow	3.61276414997326	0.407479990783421	FALSE
Genus:Parasegetibacter	Parasegetibacter	brown	3.88543553525354	0.590502223271713	FALSE
Genus:Nitrosospira	Nitrosospira	turquoise	4.34078974904706	0.356861962443653	FALSE
Genus:Desulfopila	Desulfopila	blue	8.33117999566014	0.694471895518877	FALSE
Genus:Aquicella	Aquicella	turquoise	11.0857184674223	0.709074091140719	FALSE
Genus:Phormidium	Phormidium	turquoise	6.2454692288355	0.51342607923766	FALSE
Genus:Pelolinea	Pelolinea	yellow	3.69154913701366	0.411142287126965	FALSE
Genus:Flavihumibacter	Flavihumibacter	turquoise	3.70007334534948	0.311891241823666	FALSE
Genus:Pleomorphomonas	Pleomorphomonas	grey	2.10558839682636	NA	FALSE
Genus:Conexibacter	Conexibacter	turquoise	8.65911502680093	0.627007554862238	FALSE
Genus:Flavisolibacter	Flavisolibacter	turquoise	8.89900220503774	0.59956721435727	FALSE
Genus:Herminiimonas	Herminiimonas	grey	1.25222165107502	NA	FALSE
Genus:Chlorochromatium	Chlorochromatium	brown	3.50653434474145	0.546750176910441	FALSE
Genus:Bellilinea	Bellilinea	grey	1.69190241511245	NA	FALSE
Genus:Candidatus Entotheonella	Candidatus Entotheonella	turquoise	5.96699164974682	0.510153779150271	FALSE
Genus:Euzebya	Euzebya	turquoise	6.41909441271199	0.468422057262107	FALSE
Genus:Rhodopirellula	Rhodopirellula	grey	1.82152108089166	NA	FALSE
Genus:Ohtaekwangia	Ohtaekwangia	turquoise	6.42195241051216	0.476365784640946	FALSE
Genus:Hydrogenophaga	Hydrogenophaga	brown	3.7585861078413	0.596203640331112	FALSE
Genus:Robiginitalea	Robiginitalea	blue	12.2416119488019	0.814982817802846	TRUE
Genus:Deferrisoma	Deferrisoma	yellow	2.68710260760279	0.320452146108926	FALSE
Genus:Desulfuromonas	Desulfuromonas	grey	1.96681479708599	NA	FALSE
Genus:Candidatus Xiphinematobacter	Candidatus Xiphinematobacter	turquoise	9.24027870169792	0.640981739774513	FALSE
Genus:Variovorax	Variovorax	brown	4.82396201661253	0.663880544885471	FALSE
Genus:Desulfomicrobium	Desulfomicrobium	grey	1.7692766218116	NA	FALSE
Genus:Rhodanobacter	Rhodanobacter	turquoise	14.7530872462651	0.779837593814974	FALSE
Genus:Azonexus	Azonexus	turquoise	4.00293976388003	0.33329248749329	FALSE
Genus:Reichenbachiella	Reichenbachiella	blue	4.92401877674201	0.528092321150847	FALSE
Genus:Nordella	Nordella	turquoise	6.92278208624304	0.514045009335884	FALSE
Genus:Altererythrobacter	Altererythrobacter	grey	1.58960791280544	NA	FALSE
Genus:Klebsiella	Klebsiella	grey	1.19109518103392	NA	FALSE
Genus:Propionivibrio	Propionivibrio	brown	1.74178804534729	0.380927175084181	FALSE
Genus:Rhizobacter	Rhizobacter	brown	1.75800346932193	0.34700450764154	FALSE
Genus:Imtechella	Imtechella	blue	8.8553638133001	0.707499232581625	FALSE
Genus:Gillisia	Gillisia	grey	1.95514174696627	NA	FALSE
Genus:Photobacterium	Photobacterium	blue	3.33491461193507	0.416156674792678	FALSE
Genus:Shivajiella	Shivajiella	turquoise	8.71425088047557	0.580155988530659	FALSE
Genus:Neorhizobium	Neorhizobium	turquoise	6.3628452168025	0.49017971924498	FALSE
Genus:Methylorosula	Methylorosula	grey	1.09562859736492	NA	FALSE
Genus:Candidatus Alysiosphaera	Candidatus Alysiosphaera	grey	1.86013663750574	NA	FALSE
Genus:Thermomonas	Thermomonas	brown	4.50744263598531	0.677048352759973	FALSE
Genus:Caldithrix	Caldithrix	blue	8.93871922658806	0.639007912154242	FALSE
Genus:Marmoricola	Marmoricola	turquoise	6.14539870321859	0.455119579606118	FALSE
Genus:Paenibacillus	Paenibacillus	turquoise	5.6865434654684	0.490804411006873	FALSE
Genus:Mangroviflexus	Mangroviflexus	grey	1.32912332203199	NA	FALSE
Genus:Actinoplanes	Actinoplanes	turquoise	13.1158246836867	0.777763953050218	FALSE
Genus:Acidothermus	Acidothermus	turquoise	10.0659275787718	0.632286268708798	FALSE
Genus:Bacteriovorax	Bacteriovorax	grey	1.57481160846687	NA	FALSE
Genus:Ruminiclostridium 1	Ruminiclostridium 1	turquoise	4.63935163480893	0.412555148609951	FALSE
Genus:Shewanella	Shewanella	blue	4.67960465243875	0.529595500926876	FALSE
Genus:Acetoanaerobium	Acetoanaerobium	turquoise	13.2606460828117	0.756390942224018	FALSE
Genus:Cercis gigantea	Cercis gigantea	grey	1.40026560477754	NA	FALSE
Genus:Lysinimicrobium	Lysinimicrobium	blue	6.88069537620386	0.607474148357344	FALSE
Genus:Shinella	Shinella	turquoise	3.92208638421778	0.361838250356779	FALSE
Genus:Isosphaera	Isosphaera	grey	1.70316316103453	NA	FALSE
Genus:Lutibacter	Lutibacter	grey	1.42686152301582	NA	FALSE
Genus:Polynucleobacter	Polynucleobacter	yellow	11.9169967341326	0.746921752654668	FALSE
Genus:Frankia	Frankia	turquoise	3.75138297090863	0.317630626933876	FALSE
Genus:Tabrizicola	Tabrizicola	grey	1.29022803177164	NA	FALSE
Genus:Candidatus Methanoperedens	Candidatus Methanoperedens	grey	1.47569305579356	NA	FALSE
Genus:Singulisphaera	Singulisphaera	turquoise	9.72365448896655	0.651777209724691	FALSE
Genus:Pseudahrensia	Pseudahrensia	blue	5.36383912632989	0.597598818163173	FALSE
Genus:Pontibacter	Pontibacter	grey	1.91120089781423	NA	FALSE
Genus:Flexithrix	Flexithrix	blue	5.2840081739575	0.589599008666693	FALSE
Genus:Carboxylicivirga	Carboxylicivirga	blue	3.49819641514237	0.427377600357162	FALSE
Genus:Solirubrobacter	Solirubrobacter	turquoise	11.6831424843164	0.71468338613156	FALSE
Genus:Vibrio	Vibrio	turquoise	4.29274668340232	0.312109635652838	FALSE
Genus:Lysinimonas	Lysinimonas	grey	1.4020523042769	NA	FALSE
Genus:Actinotalea	Actinotalea	brown	4.05239345369084	0.600792114133622	FALSE
Genus:Pedobacter	Pedobacter	yellow	10.4416215193426	0.702070749182838	FALSE
Genus:Noviherbaspirillum	Noviherbaspirillum	brown	6.32579846490149	0.787130626203853	FALSE
Genus:Porphyrobacter	Porphyrobacter	grey	1.77429333295034	NA	FALSE
Genus:Fusibacter	Fusibacter	grey	2.27230531956471	NA	FALSE
Genus:Oscillochloris	Oscillochloris	turquoise	7.21850447367218	0.541347513233937	FALSE
Genus:Ornithinibacter	Ornithinibacter	brown	2.98350888349559	0.52713101470813	FALSE
Genus:Cryobacterium	Cryobacterium	brown	4.17652057568982	0.655152644198077	FALSE
Genus:Caulobacter	Caulobacter	brown	3.22506884056605	0.538795226885199	FALSE
Genus:Nitrosococcus	Nitrosococcus	grey	1.54516415906405	NA	FALSE
Genus:Proteiniclasticum	Proteiniclasticum	grey	1.47212606256645	NA	FALSE
Genus:Demequina	Demequina	grey	1.30808850992631	NA	FALSE
Genus:Pseudoxanthomonas	Pseudoxanthomonas	brown	3.8699975524898	0.591928175542863	FALSE
Genus:Aequorivita	Aequorivita	grey	1.0814014534381	NA	FALSE
Genus:Pseudonocardia	Pseudonocardia	turquoise	12.1321726918378	0.735347647243597	FALSE
Genus:Rubellimicrobium	Rubellimicrobium	grey	1.47023116525663	NA	FALSE
Genus:Candidatus Nitrososphaera	Candidatus Nitrososphaera	turquoise	6.62941506575487	0.562003102832099	FALSE
Genus:[Eubacterium] coprostanoligenes group	[Eubacterium] coprostanoligenes group	brown	1.44842114520774	0.330739012581659	FALSE
Genus:Yangia	Yangia	blue	7.64955417103697	0.66734441910587	FALSE
Genus:Nitriliruptor	Nitriliruptor	turquoise	5.94541766707718	0.409087167323838	FALSE
Genus:Paludibacter	Paludibacter	grey	1.717998364515	NA	FALSE
Genus:Ruegeria	Ruegeria	blue	2.8394156036703	0.342126463519303	FALSE
Genus:Sphingopyxis	Sphingopyxis	yellow	5.89344814274305	0.559042834521335	FALSE
Genus:Carnobacterium	Carnobacterium	grey	1.30767473442408	NA	FALSE
Genus:Gallionella	Gallionella	grey	1.41802115083532	NA	FALSE
Genus:Psychrobacter	Psychrobacter	grey	1.28310093569199	NA	FALSE
Genus:Sterolibacterium	Sterolibacterium	turquoise	6.60597684997376	0.486391583781793	FALSE
Genus:Phaeodactylibacter	Phaeodactylibacter	grey	1.8851416168781	NA	FALSE
Genus:SM1A02	SM1A02	grey	1.81720096276128	NA	FALSE
Genus:Oryzihumus	Oryzihumus	brown	2.54317933935056	0.34399419045661	FALSE
Genus:Bdellovibrio	Bdellovibrio	brown	2.52952075159416	0.48352164871722	FALSE
Genus:Anaerovorax	Anaerovorax	grey	1.53031957635932	NA	FALSE
Genus:Patulibacter	Patulibacter	turquoise	8.07603051933206	0.569089754305371	FALSE
Genus:Paracocccus	Paracocccus	blue	7.81647576831747	0.67359456256562	FALSE
Genus:Niastella	Niastella	turquoise	11.278962529937	0.717265664676428	FALSE
Genus:Mesorhizobium	Mesorhizobium	turquoise	6.02314542595627	0.427946840586792	FALSE
Genus:Sandaracinobacter	Sandaracinobacter	grey	1.64265372128643	NA	FALSE
Genus:Acidiferrobacter	Acidiferrobacter	turquoise	3.53406640070625	0.325707400377322	FALSE
Genus:Turicibacter	Turicibacter	blue	2.16534477235452	0.330525056383228	FALSE
Genus:Peredibacter	Peredibacter	grey	1.11895240395397	NA	FALSE
Genus:Acidaminobacter	Acidaminobacter	grey	1.86830524065357	NA	FALSE
Genus:Hoeflea	Hoeflea	blue	5.93452310874449	0.570299659869912	FALSE
Genus:Oceanimonas	Oceanimonas	grey	1.46989850205591	NA	FALSE
Genus:Levilinea	Levilinea	grey	1.1851511789671	NA	FALSE
Genus:Prolixibacter	Prolixibacter	yellow	1.67526387646896	0.286437872087736	FALSE
Genus:Aestuariibaculum	Aestuariibaculum	blue	6.23919652980534	0.577867215101813	FALSE
Genus:Leptolyngbya	Leptolyngbya	turquoise	4.35783987272337	0.357777199705897	FALSE
Genus:Blvii28 wastewater-sludge group	Blvii28 wastewater-sludge group	turquoise	4.64261881815234	0.404272292728426	FALSE
Genus:Thauera	Thauera	grey	1.37129957978562	NA	FALSE
Genus:Bosea	Bosea	brown	1.77245584339424	0.386217881994096	FALSE
Genus:Desulfurivibrio	Desulfurivibrio	turquoise	4.30359739500456	0.394188208561989	FALSE
Genus:Dokdonella	Dokdonella	turquoise	5.02784454895095	0.439774131211391	FALSE
Genus:Parafilimonas	Parafilimonas	brown	4.49341822841252	0.661473908988339	FALSE
Genus:Leisingera	Leisingera	blue	10.5194916706944	0.756135022262281	FALSE
Genus:vadinBC27 wastewater-sludge group	vadinBC27 wastewater-sludge group	grey	1.34990404866191	NA	FALSE
Genus:Sideroxydans	Sideroxydans	brown	1.74461305383762	0.319295663960633	FALSE
Genus:Anoxynatronum	Anoxynatronum	yellow	2.76276462318801	0.387142691128347	FALSE
Genus:Ensifer	Ensifer	blue	5.75954168610098	0.520514542331837	FALSE
Genus:Filomicrobium	Filomicrobium	blue	13.4406919936537	0.870658004252645	TRUE
Genus:Blastococcus	Blastococcus	turquoise	7.72000034778515	0.562197773165712	FALSE
Genus:Acetobacterium	Acetobacterium	turquoise	4.36282395970158	0.408832644543281	FALSE
Genus:Jatrophihabitans	Jatrophihabitans	turquoise	7.9196624951377	0.559290741482547	FALSE
Genus:Rhizobium	Rhizobium	turquoise	5.88326213922639	0.476602314548961	FALSE
Genus:Youngiibacter	Youngiibacter	brown	1.70811267166316	0.314063625320971	FALSE
Genus:SEEP-SRB1	SEEP-SRB1	blue	4.36509164459407	0.437554887067587	FALSE
Genus:Rhodomicrobium	Rhodomicrobium	turquoise	7.4846682206468	0.559095519490805	FALSE
Genus:Lysinibacillus	Lysinibacillus	turquoise	3.62500221340073	0.31623179019495	FALSE
Genus:Desulfovibrio	Desulfovibrio	yellow	3.39462326486135	0.455255510762912	FALSE
Genus:hgcI clade	hgcI clade	yellow	15.7266756072608	0.885077288828308	FALSE
Genus:Aminobacter	Aminobacter	blue	5.31575268710405	0.544360233520155	FALSE
Genus:Salinimicrobium	Salinimicrobium	turquoise	4.0064690904892	0.305076690685013	FALSE
Genus:Modestobacter	Modestobacter	turquoise	6.93402189806045	0.554710374548268	FALSE
Genus:Pelagibius	Pelagibius	blue	9.3428595033283	0.683407330021656	FALSE
Genus:Xanthomonas	Xanthomonas	turquoise	4.33730871267099	0.386238226897813	FALSE
Genus:Chryseobacterium	Chryseobacterium	yellow	4.62229806350847	0.378438249265535	FALSE
Genus:Polymorphobacter	Polymorphobacter	yellow	2.94726703373293	0.355893933091544	FALSE
Genus:OM27 clade	OM27 clade	turquoise	3.54224318892255	0.333572242827646	FALSE
Genus:Blastomonas	Blastomonas	grey	1.00873183975547	NA	FALSE
Genus:Cloacibacterium	Cloacibacterium	grey	1.65912302262928	NA	FALSE
Genus:Reyranella	Reyranella	turquoise	14.6202413782466	0.806160495693431	TRUE
Genus:Pseudospirillum	Pseudospirillum	brown	3.44597832647217	0.538059959775352	FALSE
Genus:Croceicoccus	Croceicoccus	blue	10.1906887162473	0.733791106565088	FALSE
Genus:Salinarimonas	Salinarimonas	grey	1.5082247518595	NA	FALSE
Genus:Lactobacillus	Lactobacillus	yellow	17.1907428307196	0.942660238944129	FALSE
Genus:Desulfosarcina	Desulfosarcina	blue	10.9907639627427	0.785168366161597	FALSE
Genus:CL500-3	CL500-3	blue	3.27085700115192	0.411048999274788	FALSE
Genus:Undibacterium	Undibacterium	grey	1.25141143459228	NA	FALSE
Genus:Pseudofulvimonas	Pseudofulvimonas	brown	1.87537370084369	0.323694005681616	FALSE
Genus:Staphylococcus	Staphylococcus	yellow	18.3476238577467	0.972058130666464	TRUE
Genus:Desulfofustis	Desulfofustis	turquoise	4.86397410270784	0.382713953282736	FALSE
Genus:Nitrosomonas	Nitrosomonas	grey	1.47476316110026	NA	FALSE
Genus:Polaromonas	Polaromonas	yellow	9.344333836439	0.668957424526647	FALSE
Genus:Alterococcus	Alterococcus	brown	1.79766812363748	0.342577255037844	FALSE
Genus:Lautropia	Lautropia	grey	1.63298174607409	NA	FALSE
Genus:Haliea	Haliea	blue	11.1292279638767	0.78432663281086	FALSE
Genus:Halobacillus	Halobacillus	grey	1.8795849992244	NA	FALSE
Genus:Pantoea	Pantoea	yellow	6.94826281408823	0.658915714625307	FALSE
Genus:Macellibacteroides	Macellibacteroides	grey	1.39160735743646	NA	FALSE
Genus:Aquiflexum	Aquiflexum	turquoise	7.349897598409	0.535060787365702	FALSE
Genus:Candidatus Accumulibacter	Candidatus Accumulibacter	brown	2.2139765758143	0.349164326982859	FALSE
Genus:Thiogranum	Thiogranum	blue	9.82519558109117	0.72714445380481	FALSE
Genus:Roseimaritima	Roseimaritima	grey	1.94125783686207	NA	FALSE
Genus:Thiocapsa	Thiocapsa	grey	1.93873396337942	NA	FALSE
Genus:Aquincola	Aquincola	brown	2.2378219250889	0.402721343422333	FALSE
Genus:Seohaeicola	Seohaeicola	blue	6.66565943902132	0.661324057201716	FALSE
Genus:Methanothermobacter	Methanothermobacter	yellow	18.3393304634905	0.93253338875037	TRUE
Genus:Flavitalea	Flavitalea	brown	4.58515960570291	0.646901208780087	FALSE
Genus:Marinobacter	Marinobacter	blue	4.93974329551692	0.512513237016951	FALSE
Genus:Lewinella	Lewinella	blue	5.20472651273215	0.576437957771586	FALSE
Genus:Halanaerobium	Halanaerobium	grey	1.27843409547578	NA	FALSE
Genus:Draconibacterium	Draconibacterium	blue	5.8924389723398	0.642332426452078	FALSE
Genus:Rubripirellula	Rubripirellula	blue	13.2403530292699	0.856039688143397	TRUE
Genus:Coprothermobacter	Coprothermobacter	yellow	15.3626389822115	0.922174148968349	FALSE
Genus:Aeromicrobium	Aeromicrobium	turquoise	3.4519240614086	0.308304264857471	FALSE
Genus:Magnetospirillum	Magnetospirillum	yellow	16.531988807192	0.948265156938929	FALSE
Genus:Thioclava	Thioclava	blue	11.7285989439082	0.788336019688537	FALSE
Genus:Roseibacillus	Roseibacillus	blue	8.09445514719461	0.720645320808838	FALSE
Genus:Urania-1B-19 marine sediment group	Urania-1B-19 marine sediment group	blue	7.95139565842567	0.63196614027546	FALSE
Genus:Ruminiclostridium	Ruminiclostridium	grey	1.4301267893094	NA	FALSE
Genus:Candidatus Thiobios	Candidatus Thiobios	blue	7.06535940905573	0.600463722047956	FALSE
Genus:Arcicella	Arcicella	yellow	17.5035026260294	0.878892664088724	FALSE
Genus:Anaerolineaceae UCG-001	Anaerolineaceae UCG-001	grey	1.86067738335419	NA	FALSE
Genus:Ornithinimicrobium	Ornithinimicrobium	grey	1.5184001544907	NA	FALSE
Genus:Segetibacter	Segetibacter	brown	5.01768259009804	0.700423107827087	FALSE
Genus:Azotobacter	Azotobacter	grey	1.48209981114299	NA	FALSE
Genus:Methyloceanibacter	Methyloceanibacter	blue	11.635796366786	0.797346713474175	FALSE
Genus:Zeaxanthinibacter	Zeaxanthinibacter	grey	1.52716708069574	NA	FALSE
Genus:Labrenzia	Labrenzia	blue	7.70948231378784	0.682103707076222	FALSE
Genus:Prosthecobacter	Prosthecobacter	grey	1.29155282655969	NA	FALSE
Genus:Fontimonas	Fontimonas	grey	1.47854670283907	NA	FALSE
Genus:GKS98 freshwater group	GKS98 freshwater group	yellow	17.2758603193252	0.877005032088049	FALSE
Genus:Aliidiomarina	Aliidiomarina	yellow	5.64699901323557	0.408529160535622	FALSE
Genus:Microbacterium	Microbacterium	grey	1.0651583273086	NA	FALSE
Genus:Muriicola	Muriicola	blue	8.16242854863394	0.677112664605436	FALSE
Genus:Saccharopolyspora	Saccharopolyspora	yellow	11.8014956058571	0.677325189861959	FALSE
Genus:Sulfitobacter	Sulfitobacter	blue	3.4170147688862	0.468866511649101	FALSE
Genus:Candidatus Nitrosopumilus	Candidatus Nitrosopumilus	blue	9.50542910455575	0.70992434733455	FALSE
Genus:Cryptanaerobacter	Cryptanaerobacter	grey	1.28292574731805	NA	FALSE
Genus:Desulfuromusa	Desulfuromusa	yellow	5.70890055297879	0.564826299306305	FALSE
Genus:Aquibacter	Aquibacter	blue	3.73448252413378	0.391278022891465	FALSE
Genus:Mangrovimonas	Mangrovimonas	blue	2.57623841058545	0.349595024952247	FALSE
Genus:Psychromonas	Psychromonas	grey	1.53494217900077	NA	FALSE
Genus:Hymenobacter	Hymenobacter	grey	1.60787316751	NA	FALSE
Genus:Pelobacter	Pelobacter	blue	7.08925679473328	0.656195764224152	FALSE
Genus:Ponticoccus	Ponticoccus	blue	8.4014531766799	0.713163381610647	FALSE
Genus:Winogradskyella	Winogradskyella	grey	1.30493840773484	NA	FALSE
Genus:Methylophaga	Methylophaga	blue	4.32414006491636	0.515079812250068	FALSE
Genus:Lutimonas	Lutimonas	blue	8.42717255580162	0.66385959110864	FALSE
Genus:Hoppeia	Hoppeia	blue	3.81478208221994	0.476371883452833	FALSE
Genus:SEEP-SRB4	SEEP-SRB4	blue	8.01969755477274	0.596704864385674	FALSE
Genus:Sunxiuqinia	Sunxiuqinia	blue	2.40881951411914	0.362581750868754	FALSE
Genus:Rhodovulum	Rhodovulum	blue	7.57518813656815	0.621448099812679	FALSE
Genus:Ulvibacter	Ulvibacter	grey	1.40474053342554	NA	FALSE
Genus:Salegentibacter	Salegentibacter	grey	1.72465753467033	NA	FALSE
Genus:Marinobacterium	Marinobacterium	blue	4.64675694648829	0.500712012832685	FALSE
Genus:Mangrovibacterium	Mangrovibacterium	grey	1.58339276253268	NA	FALSE
Genus:Arcobacter	Arcobacter	grey	1.64080074430324	NA	FALSE
Genus:Georgenia	Georgenia	grey	1.6786878329362	NA	FALSE
Genus:Pseudarcicella	Pseudarcicella	yellow	9.13205319533554	0.530296286462379	FALSE
Genus:Alkaliflexus	Alkaliflexus	grey	1.59989304672067	NA	FALSE
Genus:Candidatus Aquirestis	Candidatus Aquirestis	yellow	10.8007670235899	0.609583218719067	FALSE
Genus:Thermovirga	Thermovirga	yellow	16.4058135913589	0.827543382593614	FALSE
Genus:Dethiobacter	Dethiobacter	grey	1.59934193644862	NA	FALSE
Genus:Oceanobacillus	Oceanobacillus	yellow	16.6528036241533	0.981569048083011	FALSE
Genus:EM3	EM3	yellow	18.1784626537682	0.980234218081972	TRUE
Genus:Candidatus Caldatribacterium	Candidatus Caldatribacterium	yellow	7.9647750973259	0.478065151348333	FALSE
Genus:Anaerobaculum	Anaerobaculum	yellow	18.1683305609426	0.984390024730242	TRUE
Genus:Lentibacillus	Lentibacillus	yellow	16.8355048610712	0.990765040926969	FALSE
Genus:Cyclobacterium	Cyclobacterium	grey	1.45490882455113	NA	FALSE
Genus:Thermoactinomyces	Thermoactinomyces	yellow	8.77849263632452	0.501143882179004	FALSE
Genus:Acetobacter	Acetobacter	yellow	18.4801095090833	0.970695941243438	TRUE
Genus:Kroppenstedtia	Kroppenstedtia	yellow	16.7157769221266	0.990623395651451	FALSE
Genus:Saccharospirillum	Saccharospirillum	grey	1.83032687990364	NA	FALSE
Genus:Brevibacterium	Brevibacterium	yellow	9.10934183266521	0.539291059218713	FALSE
Genus:Lactococcus	Lactococcus	yellow	18.2772245994471	0.974619474704984	TRUE
Genus:Marinimicrobium	Marinimicrobium	grey	1.92114760173753	NA	FALSE
Genus:Weissella	Weissella	yellow	8.00217529101188	0.468325520490701	FALSE
Genus:Pseudothermotoga	Pseudothermotoga	yellow	8.73846657649699	0.519869267649383	FALSE
Genus:Owenweeksia	Owenweeksia	grey	1.84555569677107	NA	FALSE
Genus:Syntrophothermus	Syntrophothermus	yellow	10.33480489414	0.582817804291226	FALSE
