Feature	Importance	Top10	DisplayTaxon
Fusobacterium	0.1787378862401223	1	Fusobacterium
Ruminococcus	0.013852632636657028	1	Ruminococcus
Coprococcus	0.012212380695542289	1	Coprococcus
unclassified_Ruminococcaceae	0.010472894929465742	1	unclassified_Ruminococcaceae
Clostridium_XlVa	0.011401263396116908	0.9333333333333333	Clostridium_XlVa
unclassified_Clostridiales	0.006859147802570946	0.8	unclassified_Clostridiales
Acidaminococcus	0.005713815006276358	0.8	Acidaminococcus
Succinivibrio	0.004940886914101194	0.6666666666666666	Succinivibrio
Bacteroides	0.0057286179065912345	0.6	Bacteroides
unclassified_Lactobacillaceae	0.0038610816536206933	0.4	unclassified_Lactobacillaceae
Pediococcus	0.004244575499627954	0.375	Pediococcus
Fusicatenibacter	0.004161921568585522	0.3333333333333333	Fusicatenibacter
Oscillibacter	0.003183266034288426	0.26666666666666666	Oscillibacter
Ruminococcus2	0.00291949634260917	0.26666666666666666	Ruminococcus2
unclassified_Clostridiaceae	0.0016379672209174021	0.2222222222222222	unclassified_Clostridiaceae
Gemmiger	0.0023555040596672447	0.2	Gemmiger
unclassified_Coriobacteriaceae	0.0018375072101826958	0.14285714285714285	unclassified_Coriobacteriaceae
Succiniclasticum	0.0026932137261521725	0.13333333333333333	Succiniclasticum
Faecalibacterium	0.0024191402786437515	0.13333333333333333	Faecalibacterium
unclassified_Bacillales	0.002323898836243319	0.13333333333333333	unclassified_Bacillales
EscherichiaShigella	0.0018046002969631584	0.13333333333333333	EscherichiaShigella
unclassified_Anaeroplasmataceae	0.0017413386053313758	0.07142857142857142	unclassified_Anaeroplasmataceae
unclassified_Oligosphaeraceae	0.0015805055694343895	0.06666666666666667	unclassified_Oligosphaeraceae
Clostridium_IV	0.0013333630304202095	0.06666666666666667	Clostridium_IV
Paraprevotella	9.825149302569696e-4	0.06666666666666667	Paraprevotella
Mogibacterium	9.285309367282726e-4	0.06666666666666667	Mogibacterium
unclassified_Eubacteriaceae	0.0012222554033792824	0	unclassified_Eubacteriaceae
Megasphaera	0.0010319737570588826	0	Megasphaera
Cerasicoccus	7.968735530615882e-4	0	Cerasicoccus
Collinsella	7.780840221716794e-4	0	Collinsella
unclassified_Peptococcaceae	7.20651164673027e-4	0	unclassified_Peptococcaceae
Catenibacterium	7.045243487147653e-4	0	Catenibacterium
Eggerthella	6.356339242578674e-4	0	Eggerthella
Clostridium_sensu_stricto	6.354592813769382e-4	0	Clostridium_sensu_stricto
Lactobacillus	6.301577868552591e-4	0	Lactobacillus
Faecalicoccus	6.295078417466476e-4	0	Faecalicoccus
unclassified_Thermoactinomycetaceae	6.084158642159462e-4	0	unclassified_Thermoactinomycetaceae
Streptococcus	6.032553587690169e-4	0	Streptococcus
Veillonella	5.584994351368514e-4	0	Veillonella
unclassified_Puniceicoccaceae	5.515525388984552e-4	0	unclassified_Puniceicoccaceae
unclassified_Christensenellaceae	5.447986662548312e-4	0	unclassified_Christensenellaceae
unclassified_Enterobacteriaceae	5.271459209217706e-4	0	unclassified_Enterobacteriaceae
Eisenbergiella	5.039398557842947e-4	0	Eisenbergiella
unclassified_Oxalobacteraceae	4.8105500718990756e-4	0	unclassified_Oxalobacteraceae
unclassified_Rhodospirillaceae	4.783453458833726e-4	0	unclassified_Rhodospirillaceae
Hungatella	4.5265684456790363e-4	0	Hungatella
Intestinimonas	4.336890169999541e-4	0	Intestinimonas
unclassified_Alteromonadales	4.2514472278094227e-4	0	unclassified_Alteromonadales
Akkermansia	3.8325044771986473e-4	0	Akkermansia
Parabacteroides	0.00035010657438778287	0	Parabacteroides
Howardella	3.268744836644337e-4	0	Howardella
Roseburia	3.2541888467761107e-4	0	Roseburia
unclassified_Gracilibacteraceae	2.8424250947195294e-4	0	unclassified_Gracilibacteraceae
Mitsuokella	2.6980734460130593e-4	0	Mitsuokella
Dialister	2.596650591381139e-4	0	Dialister
Actinomyces	2.3864015248141148e-4	0	Actinomyces
Allisonella	2.326797672626953e-4	0	Allisonella
Senegalimassilia	2.2067302692617278e-4	0	Senegalimassilia
Dorea	2.012674841273309e-4	0	Dorea
Methanosphaera	1.8428526357131849e-4	0	Methanosphaera
Enterococcus	1.8384361031160572e-4	0	Enterococcus
unclassified_Carnobacteriaceae	1.7555342382623182e-4	0	unclassified_Carnobacteriaceae
unclassified_Defluviitaleaceae	1.623499257770071e-4	0	unclassified_Defluviitaleaceae
unclassified_Sutterellaceae	1.6190348306718616e-4	0	unclassified_Sutterellaceae
unclassified_Bdellovibrionaceae	1.5927919822379203e-4	0	unclassified_Bdellovibrionaceae
Clostridium_XlVb	1.573983123942269e-4	0	Clostridium_XlVb
Streptophyta	1.481481481481482e-4	0	Streptophyta
Butyrivibrio	1.4707577899334169e-4	0	Butyrivibrio
unclassified_Veillonellaceae	1.4621872757149834e-4	0	unclassified_Veillonellaceae
unclassified_Synergistaceae	1.3369826138513572e-4	0	unclassified_Synergistaceae
Slackia	1.2944093435521403e-4	0	Slackia
Parasutterella	1.099015150465518e-4	0	Parasutterella
Odoribacter	1.0759764727506645e-4	0	Odoribacter
Phascolarctobacterium	1.0271467031323609e-4	0	Phascolarctobacterium
Romboutsia	8.928606324788454e-5	0	Romboutsia
unclassified_Prevotellaceae	8.74507224193839e-5	0	unclassified_Prevotellaceae
Peptococcus	8.57535052439043e-5	0	Peptococcus
Butyricicoccus	8.378732201507966e-5	0	Butyricicoccus
Butyricimonas	8.271830505025742e-5	0	Butyricimonas
unclassified_Enterococcaceae	7.319223985890658e-5	0	unclassified_Enterococcaceae
Holdemanella	7.115951854624456e-5	0	Holdemanella
unclassified_Marinilabiliaceae	6.476087185340085e-5	0	unclassified_Marinilabiliaceae
Victivallis	6.238036837047308e-5	0	Victivallis
Haemophilus	5.977797790409997e-5	0	Haemophilus
Bilophila	5.266946876100895e-5	0	Bilophila
unclassified_Rikenellaceae	3.7412577208984053e-5	0	unclassified_Rikenellaceae
Terrisporobacter	3.1312942585751436e-5	0	Terrisporobacter
unclassified_Sphingobacteriaceae	3.0770088694221006e-5	0	unclassified_Sphingobacteriaceae
Alloprevotella	2.5747255260871135e-5	0	Alloprevotella
unclassified_Erysipelotrichaceae	2.2899472688701693e-5	0	unclassified_Erysipelotrichaceae
Lactococcus	2.012082611479152e-5	0	Lactococcus
Clostridium_XVIII	1.912170225750471e-5	0	Clostridium_XVIII
unclassified_Bacteroidaceae	1.7161699141909812e-5	0	unclassified_Bacteroidaceae
Flavonifractor	1.6820303601313528e-5	0	Flavonifractor
Olsenella	1.2366924493229932e-5	0	Olsenella
Intestinibacter	-6.870865768093559e-6	0	Intestinibacter
Coprobacter	-8.568878958096021e-6	0	Coprobacter
Sutterella	-1.2567845381430913e-5	0	Sutterella
unclassified_Desulfovibrionaceae	-1.273131399946486e-5	0	unclassified_Desulfovibrionaceae
Bifidobacterium	-1.953127217447231e-5	0	Bifidobacterium
Turicibacter	-2.1511686073879113e-5	0	Turicibacter
Prevotella	-2.4698045542440502e-5	0	Prevotella
unclassified_Peptostreptococcaceae	-2.5621122172846327e-5	0	unclassified_Peptostreptococcaceae
Desulfovibrio	-2.5967879629596386e-5	0	Desulfovibrio
Alistipes	-2.691321226151596e-5	0	Alistipes
unclassified_Rickettsiaceae	-2.764976958525341e-5	0	unclassified_Rickettsiaceae
Anaerostipes	-3.619056109682635e-5	0	Anaerostipes
unclassified_Acidaminococcaceae	-3.919269032953051e-5	0	unclassified_Acidaminococcaceae
unclassified_Porphyromonadaceae	-3.954698889748032e-5	0	unclassified_Porphyromonadaceae
Methanobrevibacter	-5.3731540641038514e-5	0	Methanobrevibacter
Barnesiella	-6.489805135045794e-5	0	Barnesiella
unclassified_Pasteurellaceae	-7.516024622282241e-5	0	unclassified_Pasteurellaceae
