FeatureID	Confidence	RawTaxonomy
b39be459cc96689db8cd6b00a0d86e8e	0.994173240837008	d__Bacteria; p__Pseudomonadota; c__Gammaproteobacteria; o__Burkholderiales; f__Gallionellaceae
df915ccb4ee135b84e0b244e8af12b92	0.999907952016735	d__Archaea; p__Nanoarchaeota; c__Nanoarchaeia; o__Woesearchaeales; f__Incertae_Sedis; g__Incertae_Sedis
5da32e051bdda695c26f4cc556c3aede	0.989922286251089	d__Archaea; p__Thermoproteota; c__Nitrososphaeria; o__Nitrosopumilales; f__Nitrosopumilaceae; g__Nitrosarchaeum
3ebe761bfb1238c87195d431f41bf976	0.999995994910995	d__Bacteria; p__Pseudomonadota; c__Gammaproteobacteria; o__Pseudomonadales; f__Moraxellaceae; g__Acinetobacter
b7d6cf3f7467ca45087ca083796a0af0	0.780245622415688	d__Bacteria; p__Pseudomonadota; c__Gammaproteobacteria; o__Burkholderiales; f__Comamonadaceae; g__Polaromonas
38c27ceaed634984c1225a82648cf571	0.890961851323079	d__Bacteria; p__Pseudomonadota; c__Gammaproteobacteria; o__Pseudomonadales; f__Pseudomonadaceae; g__Pseudomonas
e8386d3a307c208c4b9f0a756259cd6b	0.999991502169149	d__Bacteria; p__Pseudomonadota; c__Gammaproteobacteria; o__Pseudomonadales; f__Moraxellaceae; g__Acinetobacter
1f8747026500ce37ab66b935d9b1b53e	0.999999973887214	d__Bacteria; p__Nitrospirota; c__Thermodesulfovibrionia; o__Incertae_Sedis; f__Incertae_Sedis; g__Incertae_Sedis
d88abff2ed5af388abe3bd71809f70e1	0.847083678871266	d__Bacteria; p__Nitrospirota; c__4-29-1; o__Incertae_Sedis; f__Incertae_Sedis; g__Incertae_Sedis
02b4cbe5c2955ab2f66dc82cdf6dad64	0.948471140393249	d__Bacteria; p__Pseudomonadota; c__Gammaproteobacteria; o__Burkholderiales; f__Comamonadaceae; g__Aquabacterium
586ee8bd7ab4a9a8074517b760b32ace	0.999999994631082	d__Bacteria; p__Nitrospirota; c__Thermodesulfovibrionia; o__Incertae_Sedis; f__Incertae_Sedis; g__Incertae_Sedis
3421464bea79a54e7eef62009457230b	0.999991125339266	d__Bacteria; p__Patescibacteria; c__Gracilibacteria; o__Candidatus_Peribacteria; f__Incertae_Sedis; g__Incertae_Sedis
637b9b3f4d1cbb1a10c07817619cdf69	0.985206907381232	d__Bacteria; p__Pseudomonadota; c__Gammaproteobacteria; o__Pseudomonadales; f__Pseudomonadaceae; g__Pseudomonas
7346ee25c4de4df48f80d736342c1c02	0.999999867349567	d__Bacteria; p__Nitrospirota; c__Nitrospiria; o__Nitrospirales; f__Nitrospiraceae; g__Nitrospira
4a9ba8830a31e244ac9ead09e47dc6cc	0.999997165832818	d__Archaea; p__Nanoarchaeota; c__Nanoarchaeia; o__Woesearchaeales; f__Incertae_Sedis; g__Incertae_Sedis
25e119f38effd7d58bf3442bd40eaf00	0.999103292134602	d__Bacteria; p__Verrucomicrobiota; c__Omnitrophia; o__Omnitrophales; f__Omnitrophaceae; g__Candidatus_Omnitrophus
aeda648ef1ccaf013a70453eee0caf8a	0.999982060448608	d__Bacteria; p__Pseudomonadota; c__Gammaproteobacteria; o__Acidiferrobacterales; f__Acidiferrobacteraceae; g__Sulfurifustis
6b67de2223e4b9c10dc62599f3136206	0.999960297356546	d__Archaea; p__Nanoarchaeota; c__Nanoarchaeia; o__Woesearchaeales; f__Incertae_Sedis; g__Incertae_Sedis
c1cd0bc45f873697ab9156e7147e8d76	0.999999175278417	d__Bacteria; p__Verrucomicrobiota; c__Omnitrophia; o__Omnitrophales; f__Omnitrophaceae; g__Candidatus_Omnitrophus
2700161fea3aa737f125e20238356dc6	0.999705082136301	d__Archaea; p__Thermoproteota; c__Nitrososphaeria; o__Nitrosopumilales; f__Nitrosopumilaceae; g__Incertae_Sedis
59dd6d3f3f896c4309537cf26c3597a3	0.998924154502469	d__Bacteria; p__Pseudomonadota; c__Gammaproteobacteria; o__Burkholderiales; f__Gallionellaceae
da13eb51a23731d1542076afd2a4882d	0.975777501575581	d__Bacteria; p__Bacillota; c__Bacilli; o__Bacillales; f__Bacillaceae; g__Anaerobacillus
f86222ce0aa7c48d5994451baf572b60	0.999997418905533	d__Bacteria; p__Pseudomonadota; c__Gammaproteobacteria; o__Burkholderiales; f__Comamonadaceae
cc7257e130ecba99063e41685c252180	0.996658870914613	d__Bacteria; p__Pseudomonadota; c__Gammaproteobacteria; o__Burkholderiales; f__Gallionellaceae
d32e579b3ae7b2aae8d5bf9f027c29af	0.999996936956046	d__Bacteria; p__Pseudomonadota; c__Gammaproteobacteria; o__Burkholderiales; f__Comamonadaceae
42f0e691f302bb1170e2ca8606efe604	0.999991399824159	d__Archaea; p__Nanoarchaeota; c__Nanoarchaeia; o__Woesearchaeales; f__Incertae_Sedis; g__Incertae_Sedis
ec03d66fcea8850ab39fe2bce3814f30	0.999999969640584	d__Bacteria; p__WOR-1; c__Incertae_Sedis; o__Incertae_Sedis; f__Incertae_Sedis; g__Incertae_Sedis
615d65be0a5ba4f62e9d7aa1bffb4277	0.999830013550826	d__Bacteria; p__Patescibacteria; c__ABY1
fb6835364f1d79a14457f24bc50738d0	0.952448494389559	d__Bacteria; p__Nitrospirota; c__4-29-1; o__Incertae_Sedis; f__Incertae_Sedis; g__Incertae_Sedis
2b9f3a8f685d68714acd248e5e683700	0.999955065372577	d__Bacteria; p__Pseudomonadota; c__Gammaproteobacteria; o__Burkholderiales; f__Oxalobacteraceae
8b91e5b1c412877f96a4a342ab6dc680	0.999999830194227	d__Bacteria; p__Pseudomonadota; c__Gammaproteobacteria; o__Pseudomonadales; f__Moraxellaceae; g__Acinetobacter
931ac7709b0d74ba3440921b1c12cdce	0.99994337220544	d__Archaea; p__Nanoarchaeota; c__Nanoarchaeia; o__Woesearchaeales; f__Incertae_Sedis; g__Incertae_Sedis
da8d956ba3a63e19735c5c55ceaa06f3	0.999999996235445	d__Archaea; p__Thermoproteota; c__Nitrososphaeria; o__Nitrosotaleales; f__Nitrosotaleaceae; g__Incertae_Sedis
2bfdfef3ab9fe4d267c52f8ee5c80ddd	0.999999999011706	d__Bacteria; p__Nitrospirota; c__Thermodesulfovibrionia; o__Incertae_Sedis; f__Incertae_Sedis; g__Incertae_Sedis
d69464b2275c7c4514b5858d01db39b8	0.985331281806483	d__Bacteria; p__Patescibacteria; c__Parcubacteria; o__UBA9983; f__Incertae_Sedis; g__Incertae_Sedis
65a75a16ddf0882daec9e72eea3aa180	0.999999999863761	d__Bacteria; p__Pseudomonadota; c__Gammaproteobacteria; o__Salinisphaerales; f__Nevskiaceae; g__Nevskia
b39f90da9ee92988c2e0f57748c70f4c	0.999999955528353	d__Bacteria; p__Patescibacteria; c__ABY1; o__Candidatus_Falkowbacteria; f__Incertae_Sedis; g__Incertae_Sedis
89fa0981707da59c8cede9f5d70afe62	0.999990670159202	d__Bacteria; p__Patescibacteria; c__Parcubacteria
0dfa02006f244358216a64cb34291c06	0.999888397864826	d__Archaea; p__Nanoarchaeota; c__Nanoarchaeia; o__Woesearchaeales; f__Incertae_Sedis; g__Incertae_Sedis
1304d0f9dc2397bbf02e61577a2f5adc	0.999999958688393	d__Bacteria; p__Patescibacteria; c__Berkelbacteria; o__Incertae_Sedis; f__Incertae_Sedis; g__Incertae_Sedis
c4dc084b83476f4b2c829da5b52fcb4d	0.999192345109744	d__Bacteria; p__Pseudomonadota; c__Gammaproteobacteria; o__Acidiferrobacterales; f__Acidiferrobacteraceae
b230be8a10f78f48e504b8dc5cfa7afb	0.999908247205559	d__Bacteria; p__Verrucomicrobiota; c__Omnitrophia; o__Omnitrophales; f__Incertae_Sedis; g__Incertae_Sedis
cd361092f88c6023a43ec4e9d7524864	0.999994761862558	d__Bacteria; p__Verrucomicrobiota; c__Omnitrophia; o__Omnitrophales; f__Omnitrophaceae; g__Candidatus_Omnitrophus
77ac885dcb1a5ca9272a721191bd908f	0.999995090549874	d__Archaea; p__Nanoarchaeota; c__Nanoarchaeia; o__Woesearchaeales; f__Incertae_Sedis; g__Incertae_Sedis
87e503bff5c5886e5938a97aa0afb1d5	0.710051358921875	d__Bacteria; p__WOR-1; c__Incertae_Sedis; o__Incertae_Sedis; f__Incertae_Sedis; g__Incertae_Sedis
cbff13b5013921139f28a5115cf9f7a8	0.999999999983759	d__Bacteria
ee6a011da2550805c6fd434ab053464a	0.999999799466812	d__Bacteria; p__Acidobacteriota; c__Subgroup_22; o__Incertae_Sedis; f__Incertae_Sedis; g__Incertae_Sedis
0d6dcaae2682704e655e8c12d0a9e3d2	0.999945796664086	d__Archaea; p__Nanoarchaeota; c__Nanoarchaeia; o__Woesearchaeales; f__Incertae_Sedis; g__Incertae_Sedis
8ceae18ee0348d694b1a6f77def3b22e	0.999999856938625	d__Bacteria; p__Campylobacterota; c__Campylobacteria; o__Campylobacterales; f__Arcobacteraceae; g__Arcobacter
e04265a1b5b74d599d1000ac0f280268	0.999999999998721	d__Bacteria; p__Methylomirabilota; c__Methylomirabilia; o__Rokubacteriales; f__Incertae_Sedis; g__Incertae_Sedis
fc3f584449d707e80bd4aa0efcd65508	0.905003001397074	d__Bacteria; p__Pseudomonadota; c__Gammaproteobacteria; o__Beggiatoales; f__Beggiatoaceae; g__Incertae_Sedis
3add7546155d28d51903ff1038f70c36	0.999965100499263	d__Archaea; p__Nanoarchaeota; c__Nanoarchaeia; o__Woesearchaeales; f__Incertae_Sedis; g__Incertae_Sedis
6376ea6dab7d0fde3cd66f53b57e1484	0.999504175328374	d__Bacteria; p__Pseudomonadota; c__Gammaproteobacteria; o__Pseudomonadales; f__Pseudomonadaceae; g__Pseudomonas
7e7deb01f0491d33ecb87427fcbeb1ee	0.99909282577102	d__Bacteria; p__Bacteroidota; c__Bacteroidia; o__Chitinophagales; f__Chitinophagaceae; g__Sediminibacterium
7fe5140fabab7789c1dbaa9a5939bedd	0.997946331389043	d__Bacteria; p__Verrucomicrobiota; c__Omnitrophia; o__Omnitrophales; f__Omnitrophaceae; g__Candidatus_Omnitrophus
266d3c050f6688d15024f3c36c9328d8	0.999999999756454	d__Bacteria; p__Methylomirabilota; c__Methylomirabilia; o__Rokubacteriales; f__Incertae_Sedis; g__Incertae_Sedis
576ec6e8c13362133c1dbe96985d47d1	0.999946773559668	d__Archaea; p__Micrarchaeota; c__Micrarchaeia; o__Micrarchaeales; f__Incertae_Sedis; g__CG1_02_55_41
b9f03ef799adb58dd96176ffad7ec24a	0.99999977092237	d__Bacteria; p__Verrucomicrobiota; c__Omnitrophia; o__Omnitrophales; f__Omnitrophaceae; g__Candidatus_Omnitrophus
b75f9fb9a9fd532cab665ef8cfe95eed	0.999952478228679	d__Archaea; p__Nanoarchaeota; c__Nanoarchaeia; o__Woesearchaeales; f__Incertae_Sedis; g__Incertae_Sedis
c22b16cc6108c04f29fea3b6d4c81571	0.999988479320662	d__Bacteria; p__Pseudomonadota; c__Gammaproteobacteria; o__Pseudomonadales; f__Moraxellaceae; g__Acinetobacter
e76dea2cf35d73edade78d85ddf243b1	0.986013945273401	d__Bacteria; p__Pseudomonadota; c__Gammaproteobacteria; o__Burkholderiales; f__Gallionellaceae
afacc69f169eac6016e7060822fabcb3	0.999999993053933	d__Bacteria; p__Nitrospirota; c__Thermodesulfovibrionia; o__Incertae_Sedis; f__Incertae_Sedis; g__Incertae_Sedis
c02e74171a45a7d8308e4581e6b79eab	0.999999979337147	d__Bacteria; p__Patescibacteria; c__Parcubacteria; o__Candidatus_Azambacteria; f__Incertae_Sedis; g__Incertae_Sedis
7da5a08a0f3713731b1ec0bdefe97783	0.999999954363731	d__Bacteria; p__DTB120; c__Incertae_Sedis; o__Incertae_Sedis; f__Incertae_Sedis; g__Incertae_Sedis
cb7417898e26dc23903ed96497486210	0.999992031686276	d__Bacteria; p__Pseudomonadota; c__Gammaproteobacteria; o__Burkholderiales; f__Nitrosomonadaceae; g__MND1
0413f9fe237af7a8c9c37b0825a63520	0.999977872278603	d__Archaea; p__Nanoarchaeota; c__Nanoarchaeia; o__Woesearchaeales; f__Incertae_Sedis; g__Incertae_Sedis
80d3501f78a03f9396161c0abd018c18	0.999997250056453	d__Bacteria; p__Verrucomicrobiota; c__Omnitrophia; o__Omnitrophales; f__Omnitrophaceae; g__Candidatus_Omnitrophus
906a06fc904a9a11c50b0a100467961b	0.959938066384315	d__Bacteria; p__Patescibacteria; c__ABY1; o__Candidatus_Kerfeldbacteria; f__Incertae_Sedis; g__Incertae_Sedis
a9cdace376f468b22ea7bac7de7e029c	0.998734006673335	d__Bacteria; p__MBNT15; c__Incertae_Sedis; o__Incertae_Sedis; f__Incertae_Sedis; g__Incertae_Sedis
aea5c45decda07ef9ad9a8e1ad4125ba	0.74306694413767	d__Bacteria; p__Pseudomonadota; c__Gammaproteobacteria; o__Burkholderiales; f__Oxalobacteraceae; g__Janthinobacterium
1e4c881a8860dc325bcfe839a009aebd	0.999999999929264	d__Bacteria; p__Bdellovibrionota; c__Bacteriovoracia; o__Bacteriovoracales; f__Bacteriovoracaceae
48f748d17bb24e9a8e162c71e7eedba3	0.890345075358575	d__Bacteria; p__Patescibacteria; c__Parcubacteria; o__UBA9983; f__Incertae_Sedis; g__Incertae_Sedis
571e0de2d6989f71ebd61045f7277b9a	0.999868125914606	d__Archaea; p__Nanoarchaeota; c__Nanoarchaeia; o__Woesearchaeales; f__Incertae_Sedis; g__Incertae_Sedis
67793ee2b745d7e3f566a720a5e77c26	0.999982234538048	d__Archaea; p__Nanoarchaeota; c__Nanoarchaeia; o__Woesearchaeales; f__Incertae_Sedis; g__Incertae_Sedis
7caa9381452864233f5bc89d1bca5a92	0.999975265318302	d__Archaea; p__Nanoarchaeota; c__Nanoarchaeia; o__Woesearchaeales; f__Incertae_Sedis; g__Incertae_Sedis
ce3110731e628641298e8682b8fe8a2b	0.994516615309176	d__Bacteria; p__Bacteroidota; c__Bacteroidia; o__Cytophagales; f__Microscillaceae; g__OLB12
cea7cb895e7a2b5146a013ed6552cb5b	0.999984730774334	d__Bacteria; p__Pseudomonadota; c__Gammaproteobacteria; o__Acidiferrobacterales; f__Acidiferrobacteraceae; g__Sulfurifustis
debe02fd9e20519d37ec03ff98fac594	0.999999999989782	d__Bacteria; p__Elusimicrobiota; c__Elusimicrobia; o__Lineage_IV; f__Incertae_Sedis; g__Incertae_Sedis
e81376d3f9c2ef0b083f13dc5093421b	0.999649377343175	d__Archaea; p__Nanoarchaeota; c__Nanoarchaeia; o__Woesearchaeales; f__Incertae_Sedis; g__Incertae_Sedis
f4d1542e29aeb1488c5d71993c3a5a39	0.896812278648188	d__Bacteria; p__Nitrospirota; c__Thermodesulfovibrionia; o__Incertae_Sedis; f__Incertae_Sedis; g__Incertae_Sedis
3bf4d00fc2bd96c04242fb5d743b1daf	0.999950345634459	d__Archaea; p__Thermoproteota; c__Nitrososphaeria; o__Nitrosopumilales; f__Nitrosopumilaceae; g__Incertae_Sedis
54c05a1e59ddd42bd97a0a8f522bf591	0.999975154963761	d__Bacteria; p__Verrucomicrobiota; c__Omnitrophia; o__Omnitrophales; f__Omnitrophaceae; g__Candidatus_Omnitrophus
ca38cab53ae08168f46b291cbce18ea5	0.99999999091925	d__Bacteria; p__Nitrospirota; c__Thermodesulfovibrionia; o__Incertae_Sedis; f__Incertae_Sedis; g__Incertae_Sedis
2eb524be6fd8ca1d369b90802ec920f7	0.999984150414871	d__Archaea; p__Nanoarchaeota; c__Nanoarchaeia; o__Woesearchaeales; f__Incertae_Sedis; g__Incertae_Sedis
60e788e44b093e436155116d1e8c46c8	0.998860238516648	d__Bacteria; p__Pseudomonadota; c__Gammaproteobacteria; o__Acidiferrobacterales; f__Acidiferrobacteraceae; g__Sulfuricaulis
868e0165fe32a8925b7f20afa5e1dbfc	0.999881018276287	d__Bacteria; p__Pseudomonadota; c__Gammaproteobacteria; o__Burkholderiales; f__Comamonadaceae
adfb67f460d65aa8614bed0880411c61	0.995684100611027	d__Bacteria; p__Pseudomonadota; c__Gammaproteobacteria; o__Burkholderiales; f__Rhodocyclaceae; g__Ferribacterium
d8a60bf7621dd59dc59f19a8894129c9	0.999195815761783	d__Bacteria; p__Patescibacteria; c__Saccharimonadia; o__Saccharimonadales; f__Saccharimonadaceae; g__TM7a
003d0470f23082c7bf6de11e71a56898	0.999630765530534	d__Bacteria; p__Pseudomonadota; c__Gammaproteobacteria; o__Burkholderiales; f__Nitrosomonadaceae; g__GOUTA6
67e959ec1398cee2946858ecda5af98b	0.99966032099966	d__Bacteria; p__Gemmatimonadota; c__Gemmatimonadia; o__Gemmatimonadales; f__Gemmatimonadaceae; g__Incertae_Sedis
a1190d2a5f87036e8b339276c40fbbc2	0.929246899482278	d__Bacteria; p__Nitrospirota; c__Thermodesulfovibrionia; o__Incertae_Sedis; f__Incertae_Sedis; g__Incertae_Sedis
a968dacbd6e0a3f2f1738f0e64bc955d	0.99991598457531	d__Archaea; p__Nanoarchaeota; c__Nanoarchaeia; o__Woesearchaeales; f__Incertae_Sedis; g__Incertae_Sedis
e149acb95b2ccf99ebccc818ef8aac1f	0.999999979153373	d__Bacteria; p__Verrucomicrobiota; c__Omnitrophia; o__Omnitrophales; f__Omnitrophaceae; g__Candidatus_Omnitrophus
f7f89283e208e3a486e0cc7dcc427ea5	0.999999999968651	d__Bacteria; p__Pseudomonadota; c__Gammaproteobacteria; o__Rickettsiellales; f__Rickettsiellaceae; g__Aquicella
fbd7bc6b442654c4168fd874eb49dc9b	0.998173447445613	d__Archaea; p__Nanoarchaeota; c__Nanoarchaeia; o__Woesearchaeales; f__Incertae_Sedis; g__Incertae_Sedis
0e47b1c8584c7a957e4ec39127224c0f	0.991701288896465	d__Bacteria; p__Pseudomonadota; c__Alphaproteobacteria; o__Sphingomonadales; f__Sphingomonadaceae; g__Novosphingobium
37210dbdd24c1f5b8c4339e77a1dea9f	0.999999938636764	d__Bacteria; p__Verrucomicrobiota; c__Omnitrophia; o__Omnitrophales; f__Omnitrophaceae; g__Candidatus_Omnitrophus
5a7b179b1b45f0fe2282f260bf073f60	0.999628382803873	d__Bacteria; p__Actinomycetota; c__Actinobacteria; o__Propionibacteriales; f__Propionibacteriaceae; g__Cutibacterium
7fc72bae05914d2a9d0ddadb3af5fbb7	0.99998157910041	d__Bacteria; p__Patescibacteria; c__Gracilibacteria; o__Candidatus_Peribacteria; f__Incertae_Sedis; g__Incertae_Sedis
8a42d1b77fa69e52beee81716fc28799	0.702775930415012	d__Bacteria; p__Patescibacteria
8f15d3aaf8afd2c23436f6902502d156	0.942860665481547	d__Bacteria; p__Myxococcota; c__bacteriap25; o__Incertae_Sedis; f__Incertae_Sedis; g__Incertae_Sedis
b0eef4ca69519df0621c615120e56ff1	0.999986462920314	d__Bacteria; p__Pseudomonadota; c__Gammaproteobacteria; o__Acidiferrobacterales; f__Acidiferrobacteraceae; g__Sulfurifustis
eabb1ceac9d2502dc96f059992d8887f	0.999968002515767	d__Bacteria; p__Pseudomonadota; c__Gammaproteobacteria
1059d2483862d83ac9f6c0e5d65166ff	0.98234604955883	d__Bacteria; p__Pseudomonadota; c__Gammaproteobacteria; o__Rickettsiellales; f__Rickettsiellaceae; g__Incertae_Sedis
18ff009abc8eccc4c9515ba5d20b2ea9	0.841308567855833	d__Bacteria; p__Patescibacteria; c__Saccharimonadia; o__Saccharimonadales; f__Saccharimonadaceae; g__TM7a
211f84cff854705248e5f6256a2727a9	0.99999611811788	d__Archaea; p__Nanoarchaeota; c__Nanoarchaeia; o__Woesearchaeales; f__Incertae_Sedis; g__Incertae_Sedis
282f2a4eae6189311ff7312c03d5f7d7	0.999451695846657	d__Bacteria; p__Verrucomicrobiota; c__Omnitrophia; o__Omnitrophales; f__Omnitrophaceae; g__Candidatus_Omnitrophus
287bbe44da5c1f5deb2b747d3e8dd297	0.999865260815771	d__Bacteria; p__Acidobacteriota; c__Vicinamibacteria; o__Vicinamibacterales; f__Vicinamibacteraceae; g__Incertae_Sedis
3aaa89901133838c319d53c68be8fa75	0.99999998399511	d__Bacteria; p__Cyanobacteriota; c__Vampirivibrionia; o__Caenarcaniphilales; f__Incertae_Sedis; g__Incertae_Sedis
3cffb8b7f8e218c4e0d2c03d54fdb136	0.999784101641916	d__Bacteria; p__Patescibacteria; c__ABY1; o__Candidatus_Magasanikbacteria; f__Incertae_Sedis; g__Incertae_Sedis
3dbf66ee7707a9c91038139380697b07	0.998187110881894	d__Bacteria; p__Pseudomonadota; c__Gammaproteobacteria; o__Pseudomonadales; f__Pseudomonadaceae; g__Pseudomonas
4a6524e6dcbe15f3e25bb337b3f3d7ea	0.999999831768903	d__Archaea; p__Nanoarchaeota; c__Nanoarchaeia; o__Woesearchaeales; f__Incertae_Sedis; g__Incertae_Sedis
68f7e28cb4418c9b9994ff0e555addcf	0.999987580983665	d__Bacteria; p__Pseudomonadota; c__Gammaproteobacteria; o__Burkholderiales; f__Nitrosomonadaceae; g__MND1
8980c65cc2b3c63bf079e3397ed5ceaf	0.958573307812325	d__Bacteria; p__Patescibacteria; c__ABY1; o__Candidatus_Kerfeldbacteria; f__Incertae_Sedis; g__Incertae_Sedis
dc44a88a9e09760406765da06826cd7c	0.715108512963328	d__Bacteria; p__Pseudomonadota; c__Alphaproteobacteria; o__Rickettsiales; f__Mitochondria; g__Incertae_Sedis
e95d9802c603aade0272e2c129719179	0.999999991952066	d__Bacteria; p__Patescibacteria; c__ABY1; o__Candidatus_Falkowbacteria; f__Incertae_Sedis; g__Incertae_Sedis
08bdc6c81f6b9daab3d132b54e1d45bc	0.9999919654686	d__Bacteria; p__Actinomycetota; c__Actinobacteria; o__Mycobacteriales; f__Nocardiaceae; g__Rhodococcus
0b3152b92e28d3ab3d32c8247beff2d3	0.999999815756215	d__Bacteria; p__Spirochaetota; c__Leptospirae; o__Leptospirales; f__Leptospiraceae; g__Incertae_Sedis
160083d0a5f65a88f14333860e7aac77	0.999999999999986	d__Bacteria; p__Patescibacteria; c__Microgenomatia; o__Candidatus_Woykebacteria; f__Incertae_Sedis; g__Incertae_Sedis
16f300a764ed32dd3259f6be8ff697de	0.966355807724925	d__Archaea; p__Thermoplasmatota; c__Thermoplasmata; o__Marine_Group_II; f__Incertae_Sedis; g__Incertae_Sedis
25ac4f5d6d2d91f28705ee0fa3f10bdb	0.999692742785519	d__Bacteria; p__Patescibacteria; c__Parcubacteria; o__Incertae_Sedis; f__Incertae_Sedis; g__Incertae_Sedis
26dbef51cdba97c1f8b84a235ea06f3c	0.969556989053313	d__Bacteria; p__Pseudomonadota; c__Alphaproteobacteria; o__Sphingomonadales; f__Sphingomonadaceae; g__Rhizorhabdus
29c348ca28837d49e58c55fc98ac9e80	0.981594495543662	d__Bacteria; p__Myxococcota; c__bacteriap25; o__Incertae_Sedis; f__Incertae_Sedis; g__Incertae_Sedis
2a51ac1efc8e7a7807d008295442731e	0.999952135315467	d__Archaea; p__Nanoarchaeota; c__Nanoarchaeia; o__Woesearchaeales; f__Incertae_Sedis; g__Incertae_Sedis
2cd04b1d0e1b11f8c96708fa90e0def8	0.999999954183708	d__Bacteria; p__Bdellovibrionota; c__Bdellovibrionia; o__Bdellovibrionales; f__Pseudobdellovibrionaceae; g__Pseudobdellovibrio
4e2314979e808957a86b1e112676bc20	0.804725435123803	d__Bacteria; p__Patescibacteria; c__Gracilibacteria; o__Incertae_Sedis; f__Incertae_Sedis; g__Incertae_Sedis
5ea0169ea1bec162f836ed8493e22f2c	0.999999713625398	d__Archaea; p__Nanoarchaeota; c__Nanoarchaeia; o__Woesearchaeales; f__Incertae_Sedis; g__Incertae_Sedis
7c2457a2da138c586b4fb5072997efbb	0.999998223697219	d__Bacteria; p__Verrucomicrobiota; c__Omnitrophia; o__Omnitrophales; f__Omnitrophaceae; g__Candidatus_Omnitrophus
7eb03f37e0df2e91756000f54b92a3ff	0.99999085909421	d__Bacteria; p__Patescibacteria; c__ABY1; o__Candidatus_Magasanikbacteria; f__Incertae_Sedis; g__Incertae_Sedis
80d11785b5400ad33e1293d8c72d736d	0.99999622743918	d__Bacteria; p__Verrucomicrobiota; c__Omnitrophia; o__Omnitrophales; f__Omnitrophaceae; g__Candidatus_Omnitrophus
851e56d6147b8e4d3d28cafb27228449	0.999999996912272	d__Bacteria
8657067009fc7880ffa92458ac4b5103	0.999993960168006	d__Bacteria; p__Patescibacteria; c__ABY1; o__Candidatus_Magasanikbacteria; f__Incertae_Sedis; g__Incertae_Sedis
98906d02d6744198e90b8a0a9cce2d44	0.999981446944362	d__Bacteria; p__Pseudomonadota; c__Gammaproteobacteria
bae6856b75ab0f9f9fa7755cdb153642	0.999989827415476	d__Bacteria; p__Patescibacteria; c__Parcubacteria
cafa8b61b1350ad69f557a8e5a27bb6b	0.962892595287008	d__Bacteria; p__Chloroflexota; c__Anaerolineae; o__Aggregatilineales; f__A4b; g__Incertae_Sedis
cec03d066a8a4113768af9614bb8328c	0.999999999783782	d__Bacteria; p__Elusimicrobiota; c__Lineage_IIc; o__Incertae_Sedis; f__Incertae_Sedis; g__Incertae_Sedis
ecf6b5c0e4d8b0c9394b881f44dcd962	0.999987830920167	d__Bacteria; p__Verrucomicrobiota; c__Omnitrophia; o__Omnitrophales; f__Omnitrophaceae; g__Candidatus_Omnitrophus
f133a3f75e18e211fffbfb6b58564651	0.999998207482506	d__Bacteria; p__Patescibacteria; c__ABY1; o__Candidatus_Buchananbacteria; f__Incertae_Sedis; g__Incertae_Sedis
f3c8b681c470c28f8b1be635bc3559a9	0.999991954467024	d__Bacteria; p__Pseudomonadota; c__Gammaproteobacteria; o__Burkholderiales; f__Oxalobacteraceae
132bee48373460dce6dc3682fc023242	0.999484526750613	d__Bacteria; p__Verrucomicrobiota; c__Omnitrophia; o__Omnitrophales; f__Omnitrophaceae; g__Candidatus_Omnitrophus
17df3d296faa86b1b301701e1eebdc7d	0.999880468413101	d__Archaea; p__Nanoarchaeota; c__Nanoarchaeia; o__Woesearchaeales; f__Incertae_Sedis; g__Incertae_Sedis
1878c877726ea800913b57df800be272	0.999999999998238	d__Bacteria; p__Nitrospirota; c__Nitrospiria; o__Nitrospirales; f__Nitrospiraceae; g__Nitrospira
2abc8c5b975a1b33aec4bffcc84e84c2	0.999931385095732	d__Bacteria; p__Acidobacteriota; c__Vicinamibacteria; o__Vicinamibacterales; f__Incertae_Sedis; g__Incertae_Sedis
3715428636032e0e71f8f766bd207496	0.999999999999829	d__Bacteria; p__Elusimicrobiota; c__Elusimicrobia; o__Lineage_IV; f__Incertae_Sedis; g__Incertae_Sedis
3bc08fee0eec65a1d1aa91483402d80a	0.999995287768844	d__Bacteria; p__Patescibacteria; c__Parcubacteria; o__Candidatus_Azambacteria; f__Incertae_Sedis; g__Incertae_Sedis
42e61a0cfc40a43c642c24c4a280c530	0.999875826713619	d__Archaea; p__Nanoarchaeota; c__Nanoarchaeia; o__Woesearchaeales; f__Incertae_Sedis; g__Incertae_Sedis
5c92bac0e203e2d9b207cfacf4afd4d8	0.999999999292939	d__Bacteria; p__Candidatus_Kryptonia; c__Kryptonia; o__Kryptoniales; f__BSV26; g__Incertae_Sedis
74b0e284d972ddedb9ca556e2d0ca028	0.999998246053355	d__Bacteria; p__Verrucomicrobiota; c__Verrucomicrobiia; o__Opitutales; f__Opitutaceae; g__Oleiharenicola
8180787793ddae9c1ce4a8f5fdd43e42	0.999996668248664	d__Bacteria; p__Patescibacteria; c__ABY1; o__Candidatus_Magasanikbacteria; f__Incertae_Sedis; g__Incertae_Sedis
82c5d781264721f87110d8a4dfb8f8a2	0.999436424479315	d__Archaea; p__Nanoarchaeota; c__Nanoarchaeia; o__Woesearchaeales; f__Incertae_Sedis; g__Incertae_Sedis
999e583df5c3def13d79bd7985a2db02	0.999990132280843	d__Bacteria; p__Patescibacteria; c__Parcubacteria; o__Candidatus_Spechtbacteria; f__Incertae_Sedis; g__Incertae_Sedis
9b72bc0ce737b7762f1e914b5eac762d	0.999116815276873	d__Bacteria; p__Patescibacteria; c__ABY1; o__Candidatus_Magasanikbacteria; f__Incertae_Sedis; g__Incertae_Sedis
a537d8bab85c83b0e74c73c55790324b	0.983087490572452	d__Bacteria; p__Pseudomonadota; c__Alphaproteobacteria; o__Caulobacterales; f__Caulobacteraceae; g__Brevundimonas
a5a55d1042ae7a5a4733425a71b13448	0.999998421696071	d__Bacteria; p__Patescibacteria; c__Parcubacteria
aaf8bbe980b29c52a8c30a07d65d1b48	0.999997073281596	d__Archaea; p__Nanoarchaeota; c__Nanoarchaeia; o__Woesearchaeales; f__Incertae_Sedis; g__Incertae_Sedis
af27577de5edb10c09f7fc19b9ca45ca	0.868834043210581	d__Bacteria; p__Pseudomonadota; c__Alphaproteobacteria; o__Rhodobacterales; f__Paracoccaceae; g__Cypionkella
b26086d47e0a3f9bd5c419c4617b8502	0.999999999819213	d__Archaea; p__Thermoproteota; c__Nitrososphaeria; o__Nitrososphaerales; f__Nitrososphaeraceae
babe719a9ad0da92d681ac70bb108dc8	0.999999941811824	d__Bacteria; p__Nitrospirota; c__HDB-SIOI1093; o__Incertae_Sedis; f__Incertae_Sedis; g__Incertae_Sedis
c908b8f6f2f144e3f8c68f269a44e5dd	0.999820157228789	d__Bacteria; p__Nitrospirota; c__4-29-1; o__Incertae_Sedis; f__Incertae_Sedis; g__Incertae_Sedis
d60e0d1c49af7ac903e5a81afec888ee	0.890151116075551	d__Bacteria; p__Patescibacteria; c__WWE3; o__Incertae_Sedis; f__Incertae_Sedis; g__Incertae_Sedis
ed3f8d8f47258f6eba170105b4105acb	0.998561831702874	d__Bacteria; p__Pseudomonadota; c__Alphaproteobacteria; o__Hyphomicrobiales; f__Rhizobiaceae; g__Hoeflea
f6fdbf1efde53ff08e55c234a7d65573	0.99999918181927	d__Bacteria; p__Patescibacteria; c__Microgenomatia; o__Candidatus_Chisholmbacteria; f__Incertae_Sedis; g__Incertae_Sedis
fc6622c636a5210293fb2873fc4761d9	0.721539241172508	d__Bacteria; p__Pseudomonadota; c__Alphaproteobacteria; o__Hyphomicrobiales; f__Rhizobiaceae; g__Agrobacterium
0885d87ef62f2ec47947bcfbe14ef78f	0.999985917024421	d__Archaea; p__Micrarchaeota; c__Micrarchaeia; o__Micrarchaeales; f__Incertae_Sedis; g__CG1_02_55_22
096af19a014f877223e5ff2d8b1433c3	0.999999980499553	d__Bacteria; p__Patescibacteria; c__ABY1; o__Candidatus_Kerfeldbacteria; f__Incertae_Sedis; g__Incertae_Sedis
0a9c0f5806bd6605a6be8c1c5fab2803	0.999999998819462	d__Bacteria; p__Methylomirabilota; c__Methylomirabilia; o__Methylomirabilales; f__Methylomirabilaceae; g__Sh765B-TzT-35
10e1a3b243a63b2e006fff8b588dd89e	0.851706119053154	d__Bacteria; p__Verrucomicrobiota; c__Omnitrophia; o__Omnitrophales; f__Omnitrophaceae; g__Candidatus_Omnitrophus
21d6db2bb764f3dcb1826f42e4ceceb7	0.999880451699737	d__Archaea; p__Nanoarchaeota; c__Nanoarchaeia; o__Woesearchaeales; f__Incertae_Sedis; g__Incertae_Sedis
3500fa9dc0abd948eb9ea521d16a0078	0.999980394639863	d__Bacteria; p__Verrucomicrobiota; c__Omnitrophia; o__Omnitrophales; f__Omnitrophaceae; g__Candidatus_Omnitrophus
3a40f1244d2f3b91b2b6b5032e5f9745	0.978251630020699	d__Bacteria; p__Pseudomonadota; c__Gammaproteobacteria; o__Coxiellales; f__Coxiellaceae; g__Coxiella
3b67e7154ea0da9a956643e8984387ff	0.989449928782232	d__Bacteria; p__Verrucomicrobiota; c__Omnitrophia; o__Omnitrophales; f__Omnitrophaceae; g__Candidatus_Omnitrophus
47ac5ca58a00fc3761fd3358993649ef	0.999721602703714	d__Bacteria; p__Acidobacteriota; c__Vicinamibacteria; o__Vicinamibacterales; f__Vicinamibacteraceae; g__Incertae_Sedis
4e7fc7dc1f2f4ac6d3a0a3e908b145f0	0.99999981833331	d__Bacteria; p__Patescibacteria; c__Gracilibacteria; o__Candidatus_Peregrinibacteria; f__Incertae_Sedis; g__Incertae_Sedis
53a1479ccd9e6c5aa96485388699bf94	0.795739078504878	d__Bacteria; p__SAR324_clade(Marine_group_B); c__Incertae_Sedis; o__Incertae_Sedis; f__Incertae_Sedis; g__Candidatus_Nitrosoarchaeum
54e79fcb0bd002cefdec446685a3d676	0.99999988495356	d__Bacteria; p__Patescibacteria; c__ABY1; o__Candidatus_Magasanikbacteria; f__Incertae_Sedis; g__Incertae_Sedis
575a5bc66f7912c4ad48a34a36ab4774	0.998194771497475	d__Archaea; p__Nanoarchaeota; c__Nanoarchaeia; o__Woesearchaeales; f__Incertae_Sedis; g__Incertae_Sedis
5a646f256a19b7f4d68dbe74e563b5d9	0.999843348596624	d__Bacteria; p__Verrucomicrobiota; c__Omnitrophia; o__Omnitrophales; f__Omnitrophaceae; g__Candidatus_Omnitrophus
5a8eb6a2625d5ae58cfeae791bf73c97	1	d__Bacteria; p__Patescibacteria; c__Saccharimonadia; o__Saccharimonadales
6e2e552c604e2ee6c958b37907379328	0.997673126944833	d__Bacteria; p__Verrucomicrobiota; c__Omnitrophia; o__Omnitrophales; f__Omnitrophaceae; g__Candidatus_Omnitrophus
86c85cb7ac8dcefc3644041883421c24	0.999875427436575	d__Bacteria; p__Patescibacteria; c__ABY1; o__Candidatus_Uhrbacteria; f__Incertae_Sedis; g__Incertae_Sedis
9004b442993f8dac89b6ba5b3bd6c445	0.999997465846987	d__Bacteria; p__DTB120; c__Incertae_Sedis; o__Incertae_Sedis; f__Incertae_Sedis; g__Incertae_Sedis
9868b5882915050d5e52b77c875058ad	0.997903128199995	d__Bacteria; p__Pseudomonadota; c__Gammaproteobacteria; o__Acidiferrobacterales; f__Acidiferrobacteraceae; g__Incertae_Sedis
a653e1e25bc7b3bfc53ecbee8e08c799	0.771250250653299	d__Bacteria; p__Myxococcota; c__bacteriap25; o__Incertae_Sedis; f__Incertae_Sedis; g__Incertae_Sedis
a9567d6f4f51f80ed58c1978b4737f28	0.996024053033998	d__Bacteria; p__Bacteroidota; c__Bacteroidia; o__Cytophagales; f__Microscillaceae; g__Chryseotalea
b783cf56c98ce000abcb53b1c119f551	0.998282375996657	d__Bacteria; p__Nitrospirota; c__4-29-1; o__Incertae_Sedis; f__Incertae_Sedis; g__Incertae_Sedis
bbecd3b5250443f2697c0104e8213917	0.99999983716168	d__Bacteria; p__Verrucomicrobiota; c__Omnitrophia; o__Omnitrophales; f__Omnitrophaceae; g__Candidatus_Omnitrophus
d5eb80c26a008a368ef49110e46b05bd	0.999998368345369	d__Bacteria; p__Bacteroidota; c__Bacteroidia; o__Sphingobacteriales; f__AKYH767; g__Incertae_Sedis
dbaabc2fc99500803f8d94562ba18e91	0.84781473946142	d__Bacteria; p__; c__; o__; f__; g__
ec05aa720f4baa5df554fe829f4ced3f	0.999999399171269	d__Bacteria; p__Verrucomicrobiota; c__Omnitrophia; o__Omnitrophales; f__Omnitrophaceae; g__Candidatus_Omnitrophus
f06d4222c7975a6a3db59ee50dd33129	0.999999638463544	d__Bacteria; p__WOR-1; c__Incertae_Sedis; o__Incertae_Sedis; f__Incertae_Sedis; g__Incertae_Sedis
f2d28e8c1d683de289dd727a3c20e013	0.99999999999955	d__Bacteria
f689372d5f8d184d8733cc155d307d5c	0.925211645276757	d__Bacteria; p__Pseudomonadota; c__Gammaproteobacteria; o__Acidiferrobacterales; f__Acidiferrobacteraceae
f84a5455a4f6fb3979f21796cdff4da4	0.987641835849898	d__Bacteria; p__Pseudomonadota; c__Alphaproteobacteria; o__Caulobacterales; f__Caulobacteraceae; g__Brevundimonas
ff827d076a2fd26ab8791ad31da62735	0.999981137783439	d__Archaea; p__Nanoarchaeota; c__Nanoarchaeia; o__Pacearchaeales; f__Incertae_Sedis; g__GW2011_GWC1_47_15
029f16d7439ba12681fbf6940821b468	0.999911710657509	d__Bacteria; p__Verrucomicrobiota; c__Omnitrophia; o__Omnitrophales; f__Incertae_Sedis; g__Incertae_Sedis
17bcaf5a87036a0156e86b9fd722a418	0.999999999909918	d__Bacteria
19134cd91473a8716af2fea6515a38ad	0.999999999999463	d__Bacteria; p__Patescibacteria; c__Saccharimonadia; o__Saccharimonadales
1b582e02c5db66d9b19bac42d19cbdfe	0.99944243874389	d__Bacteria; p__Verrucomicrobiota; c__Omnitrophia; o__Omnitrophales; f__Omnitrophaceae; g__Candidatus_Omnitrophus
1f35fc598292457fbb482e2b8f4237fd	0.999854124450776	d__Archaea; p__Nanoarchaeota; c__Nanoarchaeia; o__Woesearchaeales; f__Incertae_Sedis; g__Incertae_Sedis
1fb6df604938c337483d36ee2e939b92	0.999906799125421	d__Bacteria; p__Patescibacteria; c__ABY1; o__Candidatus_Kerfeldbacteria; f__Incertae_Sedis; g__Incertae_Sedis
321ef9ed6e9912549618aed741da32ae	0.892245597616418	d__Bacteria; p__Myxococcota; c__bacteriap25; o__Incertae_Sedis; f__Incertae_Sedis; g__Incertae_Sedis
34226986d9a7cc490b63dbf9928b9bee	0.999725893806698	d__Bacteria; p__WOR-1; c__Incertae_Sedis; o__Incertae_Sedis; f__Incertae_Sedis; g__Incertae_Sedis
37c2360b5cb7a7212a2ff15fba12b270	0.99999143935117	d__Bacteria; p__Patescibacteria; c__Parcubacteria; o__Candidatus_Lloydbacteria; f__Incertae_Sedis; g__Incertae_Sedis
39d96ded98b9db72e5ce5de3df737669	0.999999999999957	d__Bacteria; p__Cyanobacteriota; c__Cyanobacteriia; o__Chloroplast; f__Incertae_Sedis; g__Incertae_Sedis
41c34e84ce65fba113ea84d635df703e	0.886959059357641	d__Bacteria; p__RCP2-54; c__Incertae_Sedis; o__Incertae_Sedis; f__Incertae_Sedis; g__Incertae_Sedis
5c5682c8646261d3f1fa51270c21f95d	0.999935960688027	d__Bacteria; p__Patescibacteria; c__Gracilibacteria; o__Incertae_Sedis; f__Incertae_Sedis; g__Incertae_Sedis
5f3443a78c43d705e1c1749add3951ff	0.999999906161614	d__Bacteria; p__Patescibacteria; c__Gracilibacteria
5fe8a79baa0e9601bc73ff3938dbf497	0.96979940735247	d__Bacteria; p__Pseudomonadota; c__Alphaproteobacteria; o__Sphingomonadales; f__Sphingomonadaceae; g__Sphingobium
66b9c0da2db3f4947f50e1fcd1602dd6	0.999997696417206	d__Bacteria; p__Verrucomicrobiota; c__Omnitrophia; o__Omnitrophales; f__Omnitrophaceae; g__Candidatus_Omnitrophus
6966f7f2054d9694533f9fc7fda04558	0.999538151311104	d__Bacteria; p__Chloroflexota; c__Dehalococcoidia; o__SAR202_clade; f__Incertae_Sedis; g__Incertae_Sedis
6e9dc9ebc7f9f2b9381638ed8c9be6f0	0.999363124441177	d__Bacteria; p__Verrucomicrobiota; c__Omnitrophia; o__Omnitrophales; f__Omnitrophaceae; g__Candidatus_Omnitrophus
783ea4aab429fb9aa20a1264074ae60c	0.999999994756905	d__Bacteria; p__Pseudomonadota; c__Gammaproteobacteria; o__Salinisphaerales; f__Nevskiaceae; g__Polycyclovorans
844dbf54e9b6647e87b349fbaa83b78a	0.99999993174035	d__Archaea; p__Nanoarchaeota; c__Nanoarchaeia; o__Woesearchaeales; f__Incertae_Sedis; g__Incertae_Sedis
85ac83daa78930e71ceff45dcd61ee12	0.983469868953396	d__Bacteria; p__Pseudomonadota; c__Alphaproteobacteria; o__Hyphomicrobiales; f__Beijerinckiaceae; g__Methylobacterium
880f37c3b162f77eaf2171436908e134	0.99999998537507	d__Bacteria; p__Patescibacteria; c__Gracilibacteria; o__Candidatus_Peribacteria; f__Incertae_Sedis; g__Incertae_Sedis
8820549df4df1d033172dd187319d06f	0.998484688523628	d__Bacteria; p__Patescibacteria; c__Saccharimonadia; o__Saccharimonadales; f__LWQ8; g__Incertae_Sedis
948a628bd325d2bbcae73a4546be45d6	0.999956850615697	d__Archaea; p__Nanoarchaeota; c__Nanoarchaeia; o__Woesearchaeales; f__Incertae_Sedis; g__Incertae_Sedis
98bebc482cd9ca7290f2f2a248aec8e5	0.999988149057337	d__Bacteria; p__NKB15; c__Incertae_Sedis; o__Incertae_Sedis; f__Incertae_Sedis; g__Incertae_Sedis
9bc833085f1548853b1cf3d905f7d97f	0.999999999999711	d__Bacteria; p__Patescibacteria; c__Saccharimonadia; o__Saccharimonadales
a65a721d90a7e48010113435818d69be	0.99999999971736	d__Bacteria; p__Pseudomonadota; c__Gammaproteobacteria; o__PLTA13; f__Incertae_Sedis; g__Incertae_Sedis
a7c7cf68def4b0d445226c2e3938ff51	0.999940606642074	d__Bacteria; p__Patescibacteria; c__Gracilibacteria; o__Candidatus_Peregrinibacteria; f__Incertae_Sedis; g__Incertae_Sedis
aa2d96e9bd79b0daa429983e2aaf6205	0.999999994665018	d__Bacteria; p__Acidobacteriota; c__Vicinamibacteria; o__Subgroup_17; f__Incertae_Sedis; g__Incertae_Sedis
af101f6ceb2059efa2d97a9ba8732a9d	0.998073810985292	d__Bacteria; p__Patescibacteria; c__ABY1; o__Candidatus_Kerfeldbacteria; f__Incertae_Sedis; g__Incertae_Sedis
cbb2ce5bbe1710f054b5adb71f29aa09	0.997218322372013	d__Bacteria; p__Chloroflexota; c__Dehalococcoidia
cef569ed3f37a30114ff48ea3bcde5e6	0.999955641810552	d__Bacteria; p__Pseudomonadota; c__Alphaproteobacteria; o__Zavarziniales; f__Incertae_Sedis; g__Incertae_Sedis
d3b770095c3b56de5ba4bc7e576e3931	0.999508627825511	d__Archaea; p__Nanoarchaeota; c__Nanoarchaeia; o__Woesearchaeales; f__Incertae_Sedis; g__Incertae_Sedis
e96be432ef825f6d81c02a00910a2f12	0.999999487145022	d__Archaea; p__Nanoarchaeota; c__Nanoarchaeia; o__Woesearchaeales; f__Incertae_Sedis; g__Incertae_Sedis
f6e793e6adcde02c93be776f4aebbe51	0.872482730774842	d__Bacteria; p__; c__; o__; f__; g__
0118d57337bccab8f376ba2917c68eb5	0.999359789000222	d__Bacteria; p__Ignavibacteriota; c__Ignavibacteria; o__Ignavibacteriales; f__Ignavibacteriaceae; g__Ignavibacterium
033b3477cc2e64b426992eee9236d268	0.999901958049849	d__Bacteria; p__Pseudomonadota; c__Gammaproteobacteria; o__Legionellales; f__Legionellaceae; g__Legionella
145c63ee007bff033211e7acb00c2ea4	0.716733647029715	d__Bacteria; p__Pseudomonadota; c__Gammaproteobacteria
153f5dc3a17e6cf9df0cac4a4626f744	0.999991195999388	d__Archaea; p__Nanoarchaeota; c__Nanoarchaeia; o__Woesearchaeales; f__Incertae_Sedis; g__Incertae_Sedis
17cca5dbb858ecc8331af6ce73ecfbbe	0.93271310072082	d__Bacteria; p__Pseudomonadota; c__Alphaproteobacteria; o__Rhodospirillales; f__Incertae_Sedis; g__Incertae_Sedis
1a2c609995e7d735d0d7040ee5bb6e3b	0.999929038806115	d__Bacteria; p__Patescibacteria; c__Berkelbacteria; o__Incertae_Sedis; f__Incertae_Sedis; g__Incertae_Sedis
219a08aa0eba36293d0eb2bd03fd92de	0.997460409916424	d__Bacteria; p__Patescibacteria; c__Parcubacteria
279be72845ff87119638eed742556e91	0.999977803351616	d__Bacteria; p__Myxococcota; c__Polyangiia; o__Blfdi19; f__Incertae_Sedis; g__Incertae_Sedis
38e47a88b1aa23639981c3b0c41c7cb2	0.999997135109208	d__Archaea; p__Nanoarchaeota; c__Nanoarchaeia; o__Woesearchaeales; f__Incertae_Sedis; g__Incertae_Sedis
3988276297394e687bdf29286da7fade	0.999999999996035	d__Bacteria; p__Elusimicrobiota; c__Elusimicrobia; o__Lineage_IV; f__Incertae_Sedis; g__Incertae_Sedis
3b9a01065c42a103da04a5695ff4693f	0.999999999995225	d__Bacteria; p__Methylomirabilota; c__Methylomirabilia; o__Rokubacteriales; f__Incertae_Sedis; g__Incertae_Sedis
3d4f0620518694f2572bf2a533bcab57	0.999866225163506	d__Archaea; p__Nanoarchaeota; c__Nanoarchaeia; o__Woesearchaeales; f__Incertae_Sedis; g__Incertae_Sedis
44d0ac06b00a1a731a82972d35c27ef7	0.999997514554982	d__Bacteria; p__Patescibacteria; c__Microgenomatia; o__Candidatus_Roizmanbacteria; f__Incertae_Sedis; g__Incertae_Sedis
46d7d2150b3dcacf1d82862da6c16c1d	0.999999998861227	d__Bacteria; p__Elusimicrobiota; c__Elusimicrobia; o__Lineage_IV; f__Incertae_Sedis; g__Incertae_Sedis
472e706255ffc7dcd54a0af2e20c56e3	0.9999995595072	d__Archaea; p__Methanobacteriota; c__Thermococci; o__Methanofastidiosales; f__Incertae_Sedis; g__Incertae_Sedis
483f40d0db4507d1b5793b5a24975841	0.999998789647557	d__Bacteria; p__Patescibacteria; c__Gracilibacteria; o__Incertae_Sedis; f__Incertae_Sedis; g__Incertae_Sedis
48ed1634541c5bcd5f026605416d5be0	0.999940912348731	d__Bacteria; p__Patescibacteria; c__ABY1; o__Candidatus_Kerfeldbacteria; f__Incertae_Sedis; g__Incertae_Sedis
49a85d1c26f0cadbbe1c36ec5014afa1	0.999993098044187	d__Bacteria; p__Patescibacteria; c__Gracilibacteria; o__Incertae_Sedis; f__Incertae_Sedis; g__Incertae_Sedis
4ad61867e86159b7838ec1e4bdf532fa	0.99999998969352	d__Bacteria
4bf17a8e6ba3134f539a2ab3cea0c14b	0.999999999999702	d__Archaea; p__Micrarchaeota; c__Micrarchaeia; o__Micrarchaeales; f__Incertae_Sedis; g__CG1_02_55_41
4cf8382f0c3af4a503676b907ed0c63e	0.999997131991	d__Bacteria; p__Patescibacteria; c__Gracilibacteria; o__Incertae_Sedis; f__Incertae_Sedis; g__Incertae_Sedis
4f997184acb57f8c74379fa58c8f1693	0.99992180071209	d__Bacteria; p__Patescibacteria; c__Gracilibacteria; o__Candidatus_Peribacteria; f__Incertae_Sedis; g__Incertae_Sedis
536d7b9c42b621a92014ed3fe67df968	0.943408911072393	d__Archaea; p__Aenigmarchaeota; c__Deep_Sea_Euryarchaeotic_Group(DSEG); o__Incertae_Sedis; f__Incertae_Sedis; g__Incertae_Sedis
53b99adc639a34045af07c9c873862df	0.997091062066619	d__Archaea; p__Nanoarchaeota; c__Nanoarchaeia; o__Woesearchaeales; f__Incertae_Sedis; g__Incertae_Sedis
5526a476ac2ae4ef08b7bcb1a33d7f53	0.999638239804441	d__Archaea; p__Nanoarchaeota; c__Nanoarchaeia; o__Woesearchaeales; f__Incertae_Sedis; g__Incertae_Sedis
55c53ff953d747ebfb514235c8c7286c	0.999790156347701	d__Bacteria; p__Verrucomicrobiota; c__Omnitrophia; o__Omnitrophales; f__Omnitrophaceae; g__Candidatus_Omnitrophus
5ad2c891084262e1078ff79ed5667653	0.999972005223423	d__Archaea; p__Nanoarchaeota; c__Nanoarchaeia; o__Woesearchaeales; f__Incertae_Sedis; g__Incertae_Sedis
660000e9af98122dc79d1d5f709757c0	0.995326540493919	d__Bacteria; p__Patescibacteria; c__ABY1; o__Candidatus_Magasanikbacteria; f__Incertae_Sedis; g__Incertae_Sedis
6f3f2c4d9a1c514496e5636651b26090	0.999902143327361	d__Archaea; p__Nanoarchaeota; c__Nanoarchaeia; o__Woesearchaeales; f__Incertae_Sedis; g__Incertae_Sedis
70d187eb58572a3bcebecbd95b3a4d38	0.999993955911639	d__Bacteria; p__Patescibacteria; c__Microgenomatia; o__Candidatus_Woesebacteria; f__Incertae_Sedis; g__Incertae_Sedis
78daa5588afa4e1f1b1f8696afbb1260	0.909352969349888	d__Bacteria; p__Patescibacteria; c__ABY1; o__Candidatus_Kuenenbacteria; f__Incertae_Sedis; g__Incertae_Sedis
7bdac97dd5b3ca2432bb2b20320e5500	0.999996351350367	d__Bacteria; p__Pseudomonadota; c__Gammaproteobacteria; o__Acidiferrobacterales; f__Acidiferrobacteraceae; g__Incertae_Sedis
7daff9940d5f6df38a496252eb7dc98a	0.999999946207511	d__Bacteria; p__Patescibacteria; c__ABY1; o__Candidatus_Kerfeldbacteria; f__Incertae_Sedis; g__Incertae_Sedis
82ec53e4344ddf93f89cfc2e583e81e0	0.999910903483109	d__Bacteria; p__Patescibacteria; c__ABY1; o__Candidatus_Magasanikbacteria; f__Incertae_Sedis; g__Incertae_Sedis
855919a3a96c487ce877691029c8f660	0.99999999995272	d__Bacteria; p__Elusimicrobiota; c__Elusimicrobia; o__MVP-88; f__Incertae_Sedis; g__Incertae_Sedis
8794266a9850580f5e066fcd3caea9c9	0.999999999875342	d__Bacteria; p__Bacteroidota; c__Bacteroidia; o__Sphingobacteriales; f__env.OPS_17; g__Incertae_Sedis
87f23dff63ebabb1ee31b6a816a6f2e4	0.990910699806239	d__Bacteria; p__Patescibacteria; c__Parcubacteria; o__Candidatus_Vogelbacteria; f__Incertae_Sedis; g__Incertae_Sedis
8c17243ee0487252b481d5550f986696	0.99993883070424	d__Bacteria; p__Verrucomicrobiota; c__Omnitrophia; o__Omnitrophales; f__Omnitrophaceae; g__Candidatus_Omnitrophus
96bde1d77000933e946dfb199925c7a3	0.996109480571852	d__Bacteria; p__Pseudomonadota; c__Alphaproteobacteria; o__Rhodospirillales; f__Incertae_Sedis; g__Incertae_Sedis
98af91638cced2cfe681c31927e8a8e8	0.984562922836578	d__Bacteria; p__Verrucomicrobiota; c__Verrucomicrobiia; o__Pedosphaerales; f__Pedosphaeraceae; g__Incertae_Sedis
9ee6fac4053b666eab9dc8eae340403f	0.999999941229705	d__Bacteria; p__Pseudomonadota; c__Gammaproteobacteria; o__Legionellales; f__Legionellaceae; g__Legionella
9f1c3ed77a06526841e29fc6c9e924a4	0.869490546815768	d__Bacteria; p__Patescibacteria; c__Parcubacteria; o__Candidatus_Jorgensenbacteria; f__Incertae_Sedis; g__Incertae_Sedis
a43ddcd44d41456d1dab22318e67fe3d	0.951287526637845	d__Bacteria; p__Patescibacteria; c__Parcubacteria; o__Candidatus_Yanofskybacteria; f__Incertae_Sedis; g__Incertae_Sedis
adc72dccf3a30113fd9335cb6462f2dc	0.999941408788661	d__Archaea; p__Nanoarchaeota; c__Nanoarchaeia; o__Woesearchaeales; f__Incertae_Sedis; g__Incertae_Sedis
ae1d5473bb32f0a1933d5b4fc0e3eeb4	0.988818107068227	d__Bacteria; p__Patescibacteria; c__ABY1; o__Candidatus_Kerfeldbacteria; f__Incertae_Sedis; g__Incertae_Sedis
b162db6e625cbe003b495aa850f1de17	0.987001629223881	d__Bacteria; p__Patescibacteria; c__Berkelbacteria; o__Incertae_Sedis; f__Incertae_Sedis; g__Incertae_Sedis
c1972519928146002b88a946471e938f	0.999816077431088	d__Bacteria; p__Patescibacteria; c__Saccharimonadia; o__Saccharimonadales; f__Incertae_Sedis; g__Incertae_Sedis
cb27b579b1b59c3e5d4104623e8b359a	0.999999670050042	d__Archaea; p__Nanoarchaeota; c__Nanoarchaeia; o__Woesearchaeales; f__Incertae_Sedis; g__Incertae_Sedis
d13840a3816a0f5e14c51c86899d0170	0.999998759052434	d__Archaea; p__Nanoarchaeota; c__Nanoarchaeia; o__Woesearchaeales; f__Incertae_Sedis; g__Incertae_Sedis
d71e7f3b028ede507470b1bfedbb8983	0.99991328665946	d__Bacteria; p__Patescibacteria; c__ABY1; o__Candidatus_Kerfeldbacteria; f__Incertae_Sedis; g__Incertae_Sedis
dc0f7f7895f74a7be8ac06aa25be661b	0.999999407512789	d__Bacteria; p__Patescibacteria; c__Gracilibacteria
dcc7fedd68b118f6d33aed6679af9872	0.935078848074796	d__Bacteria; p__Actinomycetota; c__Acidimicrobiia; o__Acidimicrobiales; f__Acidimicrobiaceae; g__Acidiferrimicrobium
dd5c07f3d8913531e58e8dc843af735e	0.999998922140049	d__Archaea; p__Thermoproteota; c__Nitrososphaeria; o__Group_1.1c; f__Incertae_Sedis; g__Incertae_Sedis
e489f7ab1494b0b614f706bd7bb8e8a1	0.999642967934483	d__Bacteria; p__Patescibacteria; c__Gracilibacteria; o__Candidatus_Peregrinibacteria; f__Incertae_Sedis; g__Incertae_Sedis
e4bf0ddf49a1b74b07a54dda414a18a3	0.998410446630343	d__Bacteria; p__Patescibacteria; c__Gracilibacteria; o__Incertae_Sedis; f__Incertae_Sedis; g__Incertae_Sedis
e667afb6b48b0007e9af60486940be9f	0.999999778734658	d__Archaea; p__Nanoarchaeota; c__Nanoarchaeia; o__Pacearchaeales; f__Incertae_Sedis; g__SCGC_AAA011-D5
e8ab26196eee829c47fbd72da200f02c	0.999999909954202	d__Bacteria; p__Elusimicrobiota; c__Elusimicrobia; o__Lineage_IV; f__Incertae_Sedis; g__Incertae_Sedis
ec10cc853a1b84f459a4bfbb02d07e23	0.992429551517408	d__Bacteria; p__Patescibacteria; c__Berkelbacteria; o__Incertae_Sedis; f__Incertae_Sedis; g__Incertae_Sedis
efcb7a0d4a2ff3b82317158c2ba0c523	0.979808451414242	d__Bacteria; p__Patescibacteria; c__Gracilibacteria
f334d2bc181c6ee444a7ace2943af183	0.999964852917965	d__Bacteria; p__Bacteroidota; c__Bacteroidia
fada87a6d1c078a694e924638b126ec9	0.993958212069846	d__Archaea; p__Nanoarchaeota; c__Nanoarchaeia; o__Woesearchaeales; f__Incertae_Sedis; g__Incertae_Sedis
fae2f341d40af8ee61de95e710ad63e9	0.989166640081552	d__Bacteria; p__Patescibacteria; c__Gracilibacteria; o__Candidatus_Peregrinibacteria; f__Incertae_Sedis; g__Incertae_Sedis
fe8bcefd589c12bb924797113add842f	0.999767991358861	d__Archaea; p__Nanoarchaeota; c__Nanoarchaeia; o__Pacearchaeales; f__Incertae_Sedis; g__GW2011_GWC1_47_15
020f04df345de3ba12ecf913a853b686	0.999467256297416	d__Archaea; p__Nanoarchaeota; c__Nanoarchaeia; o__Woesearchaeales; f__Incertae_Sedis; g__Incertae_Sedis
07d28b94cbd613e425c69c5178e40a06	0.999909308827527	d__Archaea; p__Nanoarchaeota; c__Nanoarchaeia; o__Pacearchaeales; f__Incertae_Sedis; g__SCGC_AAA011-D5
08e82441af4098baf31f236034ea249b	0.999998844464528	d__Bacteria; p__Bdellovibrionota; c__Bdellovibrionia; o__Bdellovibrionales; f__Pseudobdellovibrionaceae; g__Incertae_Sedis
0bfb11bc0ab57849fe2c5ec8a5deab88	0.999999998252023	d__Bacteria
0c6ec4d45af4de39069620764467aa05	0.999999454430145	d__Archaea; p__Nanoarchaeota; c__Nanoarchaeia; o__Woesearchaeales; f__Incertae_Sedis; g__Incertae_Sedis
0e070507abba4160021ce83993fa8988	0.999999992182964	d__Bacteria; p__Verrucomicrobiota; c__Verrucomicrobiia; o__Chthoniobacterales; f__Chthoniobacteraceae; g__Chthoniobacter
1118e439f5e09d71f0ab4a2f93f3eda7	0.99774975882871	d__Archaea; p__Nanoarchaeota; c__Nanoarchaeia; o__Woesearchaeales; f__GW2011; g__AR20
145dd81c19bf3ceb88f911840da09753	0.999923077664811	d__Bacteria; p__Dependentiae; c__Babeliae; o__Babeliales; f__Incertae_Sedis
157ff7048c408a2243548ccc631e92c7	0.999999781465553	d__Bacteria
178e5b49d1382ecedfaeb479490b0a0b	0.730578508176387	d__Bacteria; p__Planctomycetota; c__OM190; o__Incertae_Sedis; f__Incertae_Sedis; g__Incertae_Sedis
1c8aaf7ad4d934ef9d673d03d0267425	0.999592006469244	d__Bacteria; p__Chloroflexota; c__Dehalococcoidia; o__SAR202_clade; f__Incertae_Sedis; g__Incertae_Sedis
2062317b64c59a5b7f3844326e77c74a	0.999849997363773	d__Archaea; p__Nanoarchaeota; c__Nanoarchaeia; o__Woesearchaeales; f__Incertae_Sedis; g__Incertae_Sedis
21f78e2feca8fbd3cde3d8f5f53f0392	0.995091838052076	d__Bacteria; p__Patescibacteria; c__ABY1; o__Candidatus_Uhrbacteria; f__Incertae_Sedis; g__Incertae_Sedis
245422d8e5161734680fc1df34efc639	0.922187373471417	d__Archaea; p__Nanoarchaeota; c__Nanoarchaeia; o__Woesearchaeales; f__Incertae_Sedis; g__Incertae_Sedis
268425f28d1096a853eba13a06210c18	0.999999997746428	d__Bacteria; p__Candidatus_Kryptonia; c__Kryptonia; o__Kryptoniales; f__BSV26; g__Incertae_Sedis
28c202100ee518d8a495d46af25ed41e	0.804191946496086	d__Bacteria; p__Patescibacteria; c__Parcubacteria; o__Candidatus_Kaiserbacteria; f__Incertae_Sedis; g__Incertae_Sedis
2aeca764af87c7fe4b4ecdfef1e7face	0.998049077070828	d__Bacteria; p__Patescibacteria; c__Gracilibacteria; o__Candidatus_Peregrinibacteria; f__Incertae_Sedis; g__Incertae_Sedis
2b1c55727a55a88c4d45510579a1ed1a	0.99999999650673	d__Bacteria; p__Verrucomicrobiota; c__Verrucomicrobiia; o__Chthoniobacterales; f__Terrimicrobiaceae; g__Terrimicrobium
2dc45b7fb6c25d018ed33151dc488af2	0.999974900934649	d__Bacteria; p__Patescibacteria; c__ABY1; o__Candidatus_Magasanikbacteria; f__Incertae_Sedis; g__Incertae_Sedis
2e27723ea895ab1bdef90d3cedae756c	0.95314008272299	d__Bacteria; p__Patescibacteria; c__Parcubacteria
347835f89b2f1d7b5a72588b1b865e37	0.983311462037265	d__Bacteria; p__Patescibacteria; c__Gracilibacteria; o__Incertae_Sedis; f__Incertae_Sedis; g__Incertae_Sedis
35a6f0e22139772d9a3f13bab06a63ef	0.999999263404207	d__Archaea; p__Nanoarchaeota; c__Nanoarchaeia; o__Woesearchaeales; f__Incertae_Sedis; g__Incertae_Sedis
35b5c3571de55e4d911b3b2166603472	0.90011827612553	d__Archaea; p__Nanoarchaeota; c__Nanoarchaeia; o__Woesearchaeales; f__Incertae_Sedis; g__CG1-02-57-44
3cfb94dcb6434332475efa51c653318a	0.810541162622567	d__Bacteria; p__Patescibacteria; c__Parcubacteria; o__Candidatus_Jorgensenbacteria; f__Incertae_Sedis; g__Incertae_Sedis
46bd0a10fe939400736706c91f43717d	0.999808325471509	d__Bacteria; p__Patescibacteria; c__Parcubacteria; o__Candidatus_Giovannonibacteria; f__Incertae_Sedis; g__Incertae_Sedis
4870859dcfb961dab8ac294550c2ca6c	0.999999849955966	d__Bacteria; p__WOR-1; c__Incertae_Sedis; o__Incertae_Sedis; f__Incertae_Sedis; g__Incertae_Sedis
58b4bb90ea99ffb8f9c00fced2c0e798	0.921839077074099	d__Bacteria; p__Myxococcota; c__bacteriap25; o__Incertae_Sedis; f__Incertae_Sedis; g__Incertae_Sedis
58dc31ebc41b77888661072e6c799341	0.999999903497671	d__Bacteria; p__Patescibacteria; c__Parcubacteria
59e0dff8c0b1047b3e8c35d69f2b203e	0.996974132786377	d__Bacteria; p__WOR-1; c__Incertae_Sedis; o__Incertae_Sedis; f__Incertae_Sedis; g__Incertae_Sedis
6a511260664430ae24e9249220a4fc8f	0.999999999997129	d__Bacteria; p__Elusimicrobiota; c__Elusimicrobia; o__MVP-88; f__Incertae_Sedis; g__Incertae_Sedis
6b3758e874b41b21031413a3ac761acd	0.99967201804412	d__Bacteria; p__Patescibacteria; c__Gracilibacteria; o__Candidatus_Peregrinibacteria; f__Incertae_Sedis; g__Incertae_Sedis
6c01e6ec2eb4fb3e4dfe43d91bc05a35	0.999999846184079	d__Archaea; p__Iainarchaeota; c__Iainarchaeia; o__Iainarchaeales; f__Iainarchaeaceae; g__Candidatus_Iainarchaeum
6d20310fd50f3406d820d66d8ac6bdc5	0.9996847581696	d__Bacteria
7226e51d3542effad78d066ca9b7cea2	0.999998202955405	d__Bacteria; p__Margulisbacteria; c__Incertae_Sedis; o__Incertae_Sedis; f__Incertae_Sedis; g__Incertae_Sedis
844153abf4b2fff43c23531c070afc26	0.999634004807521	d__Bacteria; p__Patescibacteria; c__Saccharimonadia; o__Saccharimonadales; f__Incertae_Sedis; g__Incertae_Sedis
84d53da3860d39365c990c7a322c4d1f	0.99999902366249	d__Bacteria; p__Verrucomicrobiota; c__Omnitrophia; o__Omnitrophales; f__Omnitrophaceae; g__Candidatus_Omnitrophus
9412a1c9baaa8ea4382e404d902783fd	0.902939418047852	d__Archaea; p__Nanoarchaeota; c__Nanoarchaeia; o__Woesearchaeales; f__GW2011; g__AR20
954a9f37977a2055117e40fda8d885cd	0.999023199335992	d__Bacteria; p__Patescibacteria; c__Microgenomatia; o__Candidatus_Amesbacteria; f__Incertae_Sedis; g__Incertae_Sedis
957f318f7967da6daabf0d48593ac0da	0.996378243735077	d__Bacteria; p__Pseudomonadota; c__Alphaproteobacteria; o__Rickettsiales; f__Mitochondria; g__Incertae_Sedis
99d20e29f6c3b3ce8b5a8c26cf1e256b	0.999992773675904	d__Archaea; p__Nanoarchaeota; c__Nanoarchaeia; o__Woesearchaeales; f__Incertae_Sedis; g__Incertae_Sedis
9a215fa0e73e9b12ecd3b1b6d42e6dba	0.999815073682832	d__Bacteria; p__Patescibacteria; c__ABY1; o__Candidatus_Magasanikbacteria; f__Incertae_Sedis; g__Incertae_Sedis
9a91bed865a472277d6a32c9880b1173	0.890733908443659	d__Bacteria; p__Patescibacteria; c__Parcubacteria; o__Candidatus_Vogelbacteria; f__Incertae_Sedis; g__Incertae_Sedis
9be19ab968ad92fd94c7295f2109e33e	0.999403646937262	d__Archaea; p__Micrarchaeota; c__Micrarchaeia; o__Micrarchaeales; f__Incertae_Sedis; g__CG1_02_55_41
9cb0b8fb0953d35a0dbb91a2979c894b	0.999628810596364	d__Bacteria; p__Dependentiae; c__Babeliae; o__Babeliales; f__Incertae_Sedis; g__Incertae_Sedis
a0eeab5dede5f14abb33b2e520b39599	0.999999999974534	d__Archaea; p__Hydrothermarchaeota; c__Hydrothermarchaeia; o__Hydrothermarchaeales; f__Incertae_Sedis; g__Incertae_Sedis
a2d982cabb4cc8a6f0cd987f7ee77ebb	0.99997313501477	d__Bacteria; p__Bdellovibrionota; c__Oligoflexia; o__Incertae_Sedis; f__Incertae_Sedis; g__Incertae_Sedis
a2ef7fa4b62c4b01208dfa4aad27e0c1	0.999754606514868	d__Bacteria; p__Patescibacteria; c__Parcubacteria; o__Incertae_Sedis; f__Incertae_Sedis; g__Incertae_Sedis
a57e8133deb4fc1a6cbeaac02d482d8f	0.999999917721926	d__Bacteria; p__Bdellovibrionota; c__Bdellovibrionia; o__Bdellovibrionales; f__Pseudobdellovibrionaceae; g__Incertae_Sedis
a7594af68bb51cf102d651c5273bcc66	0.741736299016719	d__Bacteria; p__; c__; o__; f__; g__
a7dee29dd0f54a24b73d9c74dbd7ac92	0.999867177661552	d__Bacteria; p__Patescibacteria; c__Parcubacteria; o__Candidatus_Vogelbacteria; f__Incertae_Sedis; g__Incertae_Sedis
afb285b046870964b875f3cb43558240	0.999999998498779	d__Bacteria; p__Actinomycetota; c__Thermoleophilia
afdc6bb8a8ff7bfe8bd19e8ebd153aa8	0.999999997227988	d__Bacteria; p__Verrucomicrobiota; c__Omnitrophia; o__Omnitrophales; f__Omnitrophaceae; g__Candidatus_Omnitrophus
b10557ee98062b9e3f8d42587f41fc07	0.999897646609444	d__Archaea; p__Nanoarchaeota; c__Nanoarchaeia; o__Woesearchaeales; f__Incertae_Sedis; g__Incertae_Sedis
b2ff465f3ce89a33862c4c1864f4e1d2	0.999929644825507	d__Bacteria; p__Patescibacteria; c__Parcubacteria; o__Candidatus_Nomurabacteria; f__Incertae_Sedis; g__Incertae_Sedis
b6f7e10ef0d83e8306ba4eb420c14bbd	0.999999980409413	d__Bacteria; p__Patescibacteria; c__ABY1; o__Candidatus_Magasanikbacteria; f__Incertae_Sedis; g__Incertae_Sedis
c3c2da82d96e8b8ee73b62eb5edf06ab	0.999960320927624	d__Bacteria; p__Elusimicrobiota; c__Elusimicrobia; o__Lineage_IV; f__Incertae_Sedis; g__Incertae_Sedis
c956153958c5408cfdf9fbf3a704ef79	0.999915142099939	d__Archaea; p__Halobacteriota; c__Methanosarcinia; o__Methanosarcinales; f__Methanoperedenaceae; g__Candidatus_Methanoperedens
cd4db2247c8b7c4f75eb8a4865698645	0.999999999387242	d__Bacteria; p__Elusimicrobiota; c__Incertae_Sedis; o__Incertae_Sedis; f__Incertae_Sedis; g__Incertae_Sedis
cd8c962b4550c99da2caee4c6971c513	0.986696008581134	d__Bacteria; p__Patescibacteria; c__ABY1; o__Candidatus_Buchananbacteria; f__Incertae_Sedis; g__Incertae_Sedis
ce85443cc7037212c3e6874653adfe72	0.999984587124311	d__Bacteria; p__Patescibacteria; c__ABY1
d4e30f24312f021ed1d0a0fc500579bd	0.999754721266446	d__Archaea; p__Nanoarchaeota; c__Nanoarchaeia; o__Woesearchaeales; f__Incertae_Sedis; g__Incertae_Sedis
d52ed7a499c1ebeeb759cfd1c7693e11	0.933956027633435	d__Bacteria; p__Patescibacteria; c__Gracilibacteria; o__Candidatus_Peregrinibacteria; f__Incertae_Sedis; g__Incertae_Sedis
db77c725d3290421d640c536d7308bcc	0.999999960855621	d__Bacteria
de748aa343b823ec00677351c8e34391	0.999998920334213	d__Bacteria; p__Planctomycetota; c__Brocadiae; o__Brocadiales; f__Brocadiaceae
e2abb44e2cebc46c751257175cf3c492	0.908588020747414	d__Bacteria; p__Patescibacteria; c__ABY1; o__Candidatus_Kerfeldbacteria; f__Incertae_Sedis; g__Incertae_Sedis
e5b20010c5bbeae5bec6579ac93d74b2	0.99999764612913	d__Bacteria; p__Patescibacteria; c__Berkelbacteria; o__Incertae_Sedis; f__Incertae_Sedis; g__Incertae_Sedis
ec383b5ea1ac0a64505989f027e4b15e	0.70455372067058	d__Bacteria; p__Patescibacteria; c__Parcubacteria; o__Candidatus_Wolfebacteria; f__Incertae_Sedis; g__Incertae_Sedis
ed5e2e6b6f5969ad62b34c00a9eeb9b3	0.998075101906996	d__Bacteria; p__Patescibacteria; c__ABY1; o__Candidatus_Kerfeldbacteria; f__Incertae_Sedis; g__Incertae_Sedis
f0e700e94a65a451697b223e274bb5bf	0.999999999978357	d__Archaea; p__Micrarchaeota; c__Micrarchaeia; o__Micrarchaeales; f__Incertae_Sedis; g__CG1_02_55_41
f1d6186e0cc7872886280904c9c97698	0.999997664531519	d__Bacteria; p__Patescibacteria; c__WWE3; o__Incertae_Sedis; f__Incertae_Sedis; g__Incertae_Sedis
f3f9a9f0b503cf4f0c256f629c1b0398	0.999999998616374	d__Archaea; p__Nanoarchaeota; c__Nanoarchaeia; o__Pacearchaeales; f__Incertae_Sedis; g__SCGC_AAA011-D5
f902b43a22213959daa997684d1faf7f	0.999998249363782	d__Archaea; p__Nanoarchaeota; c__Nanoarchaeia; o__Woesearchaeales; f__Incertae_Sedis; g__Incertae_Sedis
fb0b88be5b18227ded51803b6c755eab	0.999999761714463	d__Bacteria; p__WOR-1; c__Incertae_Sedis; o__Incertae_Sedis; f__Incertae_Sedis; g__Incertae_Sedis
fbdf2eaac4b7661c323e259ef3fe4d74	0.998290611793449	d__Bacteria; p__Patescibacteria; c__Parcubacteria; o__Candidatus_Ryanbacteria; f__Incertae_Sedis; g__Incertae_Sedis
fdefb06175a6456a85d0355132685321	0.9997299946499	d__Bacteria; p__Patescibacteria; c__Gracilibacteria; o__Candidatus_Peregrinibacteria; f__Incertae_Sedis; g__Incertae_Sedis
